hisse,pp_fark,lot_fark,donem,yukleme
THYAO,1.45,,2026_01,2026-04-18 13:52
TUPRS,3.57,,2026_01,2026-04-18 13:52
SASA,-1.06,,2026_01,2026-04-18 13:52
ASELS,-0.65,,2026_01,2026-04-18 13:52
ISCTR,3.33,,2026_01,2026-04-18 13:52
SISE,1.81,,2026_01,2026-04-18 13:52
HEKTS,1.81,,2026_01,2026-04-18 13:52
EREGL,4.77,,2026_01,2026-04-18 13:52
PGSUS,-2.78,,2026_01,2026-04-18 13:52
ALTNY,4.07,,2026_01,2026-04-18 13:52
REEDR,-0.08,2.211,2026_01,2026-04-18 13:52
KCHOL,3.39,,2026_01,2026-04-18 13:52
KONTR,-3.95,,2026_01,2026-04-18 13:52
FROTO,3.03,,2026_01,2026-04-18 13:52
ASTOR,4.32,,2026_01,2026-04-18 13:52
CWENE,5.6,,2026_01,2026-04-18 13:52
PATEK,-8.17,,2026_01,2026-04-18 13:52
TABGD,0.41,217.289,2026_01,2026-04-18 13:52
IZENR,-0.92,,2026_01,2026-04-18 13:52
ZOREN,2.4,,2026_01,2026-04-18 13:52
CANTE,0.58,,2026_01,2026-04-18 13:52
ENERY,0.86,,2026_01,2026-04-18 13:52
DOAS,6.31,,2026_01,2026-04-18 13:52
OBAMS,-0.12,,2026_01,2026-04-18 13:52
PETKM,3.38,,2026_01,2026-04-18 13:52
ENJSA,1.6,,2026_01,2026-04-18 13:52
AKBNK,1.84,,2026_01,2026-04-18 13:52
SAHOL,2.17,,2026_01,2026-04-18 13:52
TCELL,0.57,,2026_01,2026-04-18 13:52
KCAER,-2.54,,2026_01,2026-04-18 13:52
MIATK,0.96,,2026_01,2026-04-18 13:52
EUPWR,3.68,,2026_01,2026-04-18 13:52
BIMAS,0.84,,2026_01,2026-04-18 13:52
YKBNK,1.17,,2026_01,2026-04-18 13:52
OYAKC,0.34,,2026_01,2026-04-18 13:52
TTRAK,2.13,529.602,2026_01,2026-04-18 13:52
TOASO,4.52,,2026_01,2026-04-18 13:52
TUKAS,1.03,,2026_01,2026-04-18 13:52
ENKAI,0.69,,2026_01,2026-04-18 13:52
GARAN,1.18,,2026_01,2026-04-18 13:52
KRDMD,4.08,,2026_01,2026-04-18 13:52
MGROS,0.63,613.936,2026_01,2026-04-18 13:52
TRALT,4.23,,2026_01,2026-04-18 13:52
AEFES,5.82,,2026_01,2026-04-18 13:52
GSRAY,0.49,,2026_01,2026-04-18 13:52
ISMEN,-0.38,,2026_01,2026-04-18 13:52
AKSA,0.8,,2026_01,2026-04-18 13:52
ODAS,2.14,,2026_01,2026-04-18 13:52
TSPOR,0.53,,2026_01,2026-04-18 13:52
YEOTK,0.26,418.494,2026_01,2026-04-18 13:52
ALARK,3.88,,2026_01,2026-04-18 13:52
GESAN,7.03,,2026_01,2026-04-18 13:52
EKGYO,2.52,,2026_01,2026-04-18 13:52
FENER,2.39,,2026_01,2026-04-18 13:52
ARCLK,0.96,,2026_01,2026-04-18 13:52
MAVI,1.6,,2026_01,2026-04-18 13:52
CIMSA,0.81,,2026_01,2026-04-18 13:52
TTKOM,2.9,,2026_01,2026-04-18 13:52
TAVHL,0.68,,2026_01,2026-04-18 13:52
ULKER,2.95,,2026_01,2026-04-18 13:52
VESTL,1.47,,2026_01,2026-04-18 13:52
CCOLA,0.45,,2026_01,2026-04-18 13:52
SKBNK,1.96,,2026_01,2026-04-18 13:52
AKSEN,-0.14,-903.765,2026_01,2026-04-18 13:52
TURSG,-0.17,,2026_01,2026-04-18 13:52
DOHOL,2.05,,2026_01,2026-04-18 13:52
SOKM,1.68,,2026_01,2026-04-18 13:52
QUAGR,-1.29,,2026_01,2026-04-18 13:52
HALKB,-0.27,,2026_01,2026-04-18 13:52
GLRMK,2.57,995.697,2026_01,2026-04-18 13:52
BRSAN,1.73,620.293,2026_01,2026-04-18 13:52
KTLEV,8.21,,2026_01,2026-04-18 13:52
TSKB,0.29,,2026_01,2026-04-18 13:52
GUBRF,2.47,,2026_01,2026-04-18 13:52
TUREX,2.23,,2026_01,2026-04-18 13:52
VAKBN,0.12,,2026_01,2026-04-18 13:52
PASEU,-0.08,-157.576,2026_01,2026-04-18 13:52
OTKAR,-8.52,,2026_01,2026-04-18 13:52
EFOR,3.29,,2026_01,2026-04-18 13:52
AGHOL,1.11,,2026_01,2026-04-18 13:52
ECILC,3.73,,2026_01,2026-04-18 13:52
BTCIM,0.05,,2026_01,2026-04-18 13:52
TKFEN,0.88,,2026_01,2026-04-18 13:52
BALSU,-4.78,,2026_01,2026-04-18 13:52
ANSGR,0.02,397.648,2026_01,2026-04-18 13:52
DAPGM,5.23,,2026_01,2026-04-18 13:52
GRTHO,0.49,179.949,2026_01,2026-04-18 13:52
TRMET,1.66,,2026_01,2026-04-18 13:52
MAGEN,2.53,,2026_01,2026-04-18 13:52
EGEEN,-0.35,-3.996,2026_01,2026-04-18 13:52
BRYAT,3.41,871.3,2026_01,2026-04-18 13:52
BSOKE,7.24,,2026_01,2026-04-18 13:52
KUYAS,1.56,,2026_01,2026-04-18 13:52
MPARK,-0.34,-278.764,2026_01,2026-04-18 13:52
GENIL,-6.16,,2026_01,2026-04-18 13:52
TRENJ,3.07,,2026_01,2026-04-18 13:52
DSTKF,2.79,,2026_01,2026-04-18 13:52
GRSEL,4.17,,2026_01,2026-04-18 13:52
RALYH,-6.72,,2026_01,2026-04-18 13:52
KLRHO,0.44,,2026_01,2026-04-18 13:52
BMSCH,-7.75,,2026_01,2026-04-18 13:52
BMSTL,1.52,,2026_01,2026-04-18 13:52
BNTAS,0.26,453.435,2026_01,2026-04-18 13:52
BOBET,4.8,,2026_01,2026-04-18 13:52
BORLS,-15.78,,2026_01,2026-04-18 13:52
BORSK,-0.22,-621.546,2026_01,2026-04-18 13:52
BOSSA,0.39,,2026_01,2026-04-18 13:52
BRISA,0.34,106.252,2026_01,2026-04-18 13:52
BRKO,0.0,-3.396,2026_01,2026-04-18 13:52
BRKSN,0.32,202.013,2026_01,2026-04-18 13:52
BRKVY,-1.35,-183.676,2026_01,2026-04-18 13:52
BRLSM,-0.43,-464.787,2026_01,2026-04-18 13:52
BRMEN,0.12,525.999,2026_01,2026-04-18 13:52
AHSGY,2.92,,2026_01,2026-04-18 13:52
ACSEL,0.54,48.36,2026_01,2026-04-18 13:52
AKCNS,-0.01,-5.63,2026_01,2026-04-18 13:52
AKENR,0.58,,2026_01,2026-04-18 13:52
BUCIM,-1.19,,2026_01,2026-04-18 13:52
BULGS,1.99,,2026_01,2026-04-18 13:52
BURCE,-0.48,-213.49,2026_01,2026-04-18 13:52
BURVA,0.53,24.873,2026_01,2026-04-18 13:52
BVSAN,0.27,38.285,2026_01,2026-04-18 13:52
BYDNR,-0.33,115.18,2026_01,2026-04-18 13:52
AKFGY,1.53,,2026_01,2026-04-18 13:52
CASA,0.0,2.0,2026_01,2026-04-18 13:52
CATES,2.98,982.731,2026_01,2026-04-18 13:52
AKFIS,5.0,,2026_01,2026-04-18 13:52
CELHA,-1.16,,2026_01,2026-04-18 13:52
CEMAS,0.48,,2026_01,2026-04-18 13:52
CEMTS,1.08,,2026_01,2026-04-18 13:52
CEMZY,0.62,766.926,2026_01,2026-04-18 13:52
CEOEM,1.0,220.564,2026_01,2026-04-18 13:52
CGCAM,1.2,501.434,2026_01,2026-04-18 13:52
AKFYE,1.25,,2026_01,2026-04-18 13:52
CLEBI,0.07,4.015,2026_01,2026-04-18 13:52
CMBTN,0.95,9.72,2026_01,2026-04-18 13:52
CMENT,0.0,0.0,2026_01,2026-04-18 13:52
CONSE,3.88,,2026_01,2026-04-18 13:52
COSMO,-0.18,-12.09,2026_01,2026-04-18 13:52
CRDFA,-0.09,-63.714,2026_01,2026-04-18 13:52
CRFSA,0.65,119.687,2026_01,2026-04-18 13:52
CUSAN,2.83,523.276,2026_01,2026-04-18 13:52
CVKMD,0.14,639.437,2026_01,2026-04-18 13:52
AKGRT,-0.12,-793.897,2026_01,2026-04-18 13:52
TRHOL,2.95,519.906,2026_01,2026-04-18 13:52
DAGI,-1.63,,2026_01,2026-04-18 13:52
AKMGY,-0.17,-37.814,2026_01,2026-04-18 13:52
DARDL,1.39,,2026_01,2026-04-18 13:52
DCTTR,-1.47,,2026_01,2026-04-18 13:52
DENGE,-0.19,-980.872,2026_01,2026-04-18 13:52
DERHL,1.43,,2026_01,2026-04-18 13:52
DERIM,0.59,235.443,2026_01,2026-04-18 13:52
DESA,0.31,529.271,2026_01,2026-04-18 13:52
DESPC,-2.01,-321.377,2026_01,2026-04-18 13:52
DEVA,0.12,247.915,2026_01,2026-04-18 13:52
DGATE,-0.65,-99.196,2026_01,2026-04-18 13:52
DGGYO,0.02,55.932,2026_01,2026-04-18 13:52
DGNMO,-0.42,,2026_01,2026-04-18 13:52
DIRIT,0.0,0.0,2026_01,2026-04-18 13:52
DITAS,-2.78,,2026_01,2026-04-18 13:52
DMRGD,-5.31,,2026_01,2026-04-18 13:52
DMSAS,-4.53,,2026_01,2026-04-18 13:52
DNISI,0.35,206.185,2026_01,2026-04-18 13:52
ADEL,-0.54,-596.374,2026_01,2026-04-18 13:52
DOCO,0.48,-4.781,2026_01,2026-04-18 13:52
DOFER,-12.67,,2026_01,2026-04-18 13:52
DOFRB,0.37,164.29,2026_01,2026-04-18 13:52
DOGUB,-3.74,-740.805,2026_01,2026-04-18 13:52
ADESE,-2.46,,2026_01,2026-04-18 13:52
DOKTA,0.41,740.737,2026_01,2026-04-18 13:52
AKSGY,0.03,430.46,2026_01,2026-04-18 13:52
DUNYH,0.46,170.79,2026_01,2026-04-18 13:52
DURDO,-0.07,-264.609,2026_01,2026-04-18 13:52
DURKN,4.5,,2026_01,2026-04-18 13:52
DYOBY,0.83,,2026_01,2026-04-18 13:52
DZGYO,1.65,,2026_01,2026-04-18 13:52
EBEBK,-0.76,-306.51,2026_01,2026-04-18 13:52
AKSUE,0.06,36.799,2026_01,2026-04-18 13:52
ECOGR,14.71,,2026_01,2026-04-18 13:52
ECZYT,-0.3,-139.984,2026_01,2026-04-18 13:52
EDATA,2.22,,2026_01,2026-04-18 13:52
EDIP,1.47,534.611,2026_01,2026-04-18 13:52
AKYHO,-1.14,,2026_01,2026-04-18 13:52
ADGYO,-42.97,,2026_01,2026-04-18 13:52
EGEGY,-3.09,,2026_01,2026-04-18 13:52
EGEPO,4.19,,2026_01,2026-04-18 13:52
EGGUB,0.08,59.173,2026_01,2026-04-18 13:52
EGPRO,0.48,852.587,2026_01,2026-04-18 13:52
EGSER,0.25,,2026_01,2026-04-18 13:52
ALBRK,2.83,,2026_01,2026-04-18 13:52
EKIZ,0.0,0.0,2026_01,2026-04-18 13:52
EKOS,0.75,,2026_01,2026-04-18 13:52
EKSUN,-3.33,,2026_01,2026-04-18 13:52
ELITE,0.39,173.86,2026_01,2026-04-18 13:52
EMKEL,0.58,875.74,2026_01,2026-04-18 13:52
EMNIS,0.0,0.0,2026_01,2026-04-18 13:52
ENDAE,0.26,310.516,2026_01,2026-04-18 13:52
ALCAR,-0.88,-15.181,2026_01,2026-04-18 13:52
ALCTL,9.7,,2026_01,2026-04-18 13:52
ALFAS,0.48,407.776,2026_01,2026-04-18 13:52
ENSRI,2.14,,2026_01,2026-04-18 13:52
ENTRA,-1.1,,2026_01,2026-04-18 13:52
EPLAS,3.85,,2026_01,2026-04-18 13:52
ERBOS,1.91,304.132,2026_01,2026-04-18 13:52
ERCB,0.25,271.265,2026_01,2026-04-18 13:52
ALGYO,-0.91,,2026_01,2026-04-18 13:52
ERSU,-0.07,-22.12,2026_01,2026-04-18 13:52
ESCAR,0.15,152.497,2026_01,2026-04-18 13:52
ESCOM,2.86,,2026_01,2026-04-18 13:52
ESEN,-22.3,,2026_01,2026-04-18 13:52
ETILR,1.79,,2026_01,2026-04-18 13:52
ETYAT,0.72,134.605,2026_01,2026-04-18 13:52
EUHOL,-0.07,-106.001,2026_01,2026-04-18 13:52
EUKYO,0.5,101.0,2026_01,2026-04-18 13:52
ALKA,-0.54,,2026_01,2026-04-18 13:52
EUREN,-19.73,,2026_01,2026-04-18 13:52
EUYO,1.18,236.247,2026_01,2026-04-18 13:52
EYGYO,1.15,,2026_01,2026-04-18 13:52
FADE,2.69,,2026_01,2026-04-18 13:52
ALKIM,-0.01,-22.892,2026_01,2026-04-18 13:52
FLAP,0.63,589.377,2026_01,2026-04-18 13:52
FMIZP,2.14,74.925,2026_01,2026-04-18 13:52
FONET,8.47,,2026_01,2026-04-18 13:52
FORMT,2.3,,2026_01,2026-04-18 13:52
FORTE,-1.34,-294.024,2026_01,2026-04-18 13:52
FRIGO,2.05,,2026_01,2026-04-18 13:52
FRMPL,4.39,,2026_01,2026-04-18 13:52
ALKLC,2.43,,2026_01,2026-04-18 13:52
FZLGY,-4.85,,2026_01,2026-04-18 13:52
RUZYE,-0.7,,2026_01,2026-04-18 13:52
GARFA,0.36,486.354,2026_01,2026-04-18 13:52
GATEG,5.94,669.145,2026_01,2026-04-18 13:52
GEDIK,0.17,,2026_01,2026-04-18 13:52
GEDZA,0.88,376.503,2026_01,2026-04-18 13:52
A1CAP,-0.07,,2026_01,2026-04-18 13:52
GENTS,1.67,,2026_01,2026-04-18 13:52
GEREL,-0.04,-77.19,2026_01,2026-04-18 13:52
ALVES,5.14,,2026_01,2026-04-18 13:52
GIPTA,-1.81,-913.493,2026_01,2026-04-18 13:52
GLBMD,-0.39,-112.209,2026_01,2026-04-18 13:52
GLCVY,-0.65,-170.682,2026_01,2026-04-18 13:52
ANELE,-1.73,,2026_01,2026-04-18 13:52
GLRYH,1.08,,2026_01,2026-04-18 13:52
GLYHO,1.94,,2026_01,2026-04-18 13:52
GMTAS,-1.04,,2026_01,2026-04-18 13:52
GOKNR,1.58,,2026_01,2026-04-18 13:52
GOLTS,2.23,277.442,2026_01,2026-04-18 13:52
GOODY,0.03,34.817,2026_01,2026-04-18 13:52
GOZDE,-1.4,,2026_01,2026-04-18 13:52
GRNYO,0.05,21.1,2026_01,2026-04-18 13:52
ANGEN,1.27,,2026_01,2026-04-18 13:52
ANHYT,0.09,81.476,2026_01,2026-04-18 13:52
GSDDE,-0.79,-843.687,2026_01,2026-04-18 13:52
GSDHO,0.53,,2026_01,2026-04-18 13:52
AFYON,1.58,,2026_01,2026-04-18 13:52
ARASE,2.94,,2026_01,2026-04-18 13:52
GUNDG,0.3,58.021,2026_01,2026-04-18 13:52
GWIND,-1.2,,2026_01,2026-04-18 13:52
GZNMI,-5.81,,2026_01,2026-04-18 13:52
AGESA,-1.37,-490.234,2026_01,2026-04-18 13:52
HATEK,0.56,353.19,2026_01,2026-04-18 13:52
HATSN,0.24,107.273,2026_01,2026-04-18 13:52
HDFGS,0.87,,2026_01,2026-04-18 13:52
HEDEF,0.12,656.501,2026_01,2026-04-18 13:52
ARDYZ,-25.05,60.261,2026_01,2026-04-18 13:52
HKTM,-0.9,-655.684,2026_01,2026-04-18 13:52
HLGYO,0.37,,2026_01,2026-04-18 13:52
HOROZ,-0.19,-47.222,2026_01,2026-04-18 13:52
HRKET,4.26,,2026_01,2026-04-18 13:52
HTTBT,-1.1,-916.503,2026_01,2026-04-18 13:52
HUBVC,-0.07,-194.989,2026_01,2026-04-18 13:52
HUNER,-2.31,,2026_01,2026-04-18 13:52
HURGZ,0.91,,2026_01,2026-04-18 13:52
ICBCT,-0.05,-103.149,2026_01,2026-04-18 13:52
ICUGS,-0.23,-798.34,2026_01,2026-04-18 13:52
IDGYO,1.78,,2026_01,2026-04-18 13:52
IEYHO,-2.83,,2026_01,2026-04-18 13:52
IHAAS,3.04,,2026_01,2026-04-18 13:52
IHEVA,0.09,242.936,2026_01,2026-04-18 13:52
IHGZT,3.93,,2026_01,2026-04-18 13:52
IHLAS,0.09,,2026_01,2026-04-18 13:52
IHLGM,0.56,,2026_01,2026-04-18 13:52
IHYAY,0.43,,2026_01,2026-04-18 13:52
IMASM,1.75,,2026_01,2026-04-18 13:52
INDES,-0.54,,2026_01,2026-04-18 13:52
INFO,2.29,,2026_01,2026-04-18 13:52
INGRM,-0.14,-21.336,2026_01,2026-04-18 13:52
INTEK,-0.03,-1.5,2026_01,2026-04-18 13:52
INTEM,1.39,131.244,2026_01,2026-04-18 13:52
INVEO,-0.21,,2026_01,2026-04-18 13:52
INVES,-0.11,-40.827,2026_01,2026-04-18 13:52
ARENA,0.32,237.17,2026_01,2026-04-18 13:52
ISATR,0.0,0.0,2026_01,2026-04-18 13:52
ISBIR,0.1,14.813,2026_01,2026-04-18 13:52
ISBTR,0.01,0.0,2026_01,2026-04-18 13:52
ARFYE,6.74,,2026_01,2026-04-18 13:52
ISDMR,1.94,,2026_01,2026-04-18 13:52
ISFIN,0.64,,2026_01,2026-04-18 13:52
ISGSY,1.8,854.342,2026_01,2026-04-18 13:52
ISGYO,1.17,,2026_01,2026-04-18 13:52
ISKPL,-3.92,,2026_01,2026-04-18 13:52
ISKUR,0.0,0.0,2026_01,2026-04-18 13:52
ARMGD,6.02,,2026_01,2026-04-18 13:52
ISSEN,-0.09,-92.612,2026_01,2026-04-18 13:52
ISYAT,-1.27,,2026_01,2026-04-18 13:52
ARSAN,-1.5,,2026_01,2026-04-18 13:52
IZFAS,-1.96,,2026_01,2026-04-18 13:52
IZINV,-1.08,-146.446,2026_01,2026-04-18 13:52
IZMDC,1.14,,2026_01,2026-04-18 13:52
JANTS,0.83,,2026_01,2026-04-18 13:52
KAPLM,0.9,40.816,2026_01,2026-04-18 13:52
KAREL,-0.16,-523.376,2026_01,2026-04-18 13:52
KARSN,0.69,,2026_01,2026-04-18 13:52
KARTN,0.09,68.97,2026_01,2026-04-18 13:52
KATMR,0.94,,2026_01,2026-04-18 13:52
KAYSE,2.28,,2026_01,2026-04-18 13:52
KBORU,2.85,,2026_01,2026-04-18 13:52
ARTMS,-3.66,-886.341,2026_01,2026-04-18 13:52
ARZUM,-1.11,,2026_01,2026-04-18 13:52
KENT,-0.38,-4.496,2026_01,2026-04-18 13:52
KERVN,0.0,-3.0,2026_01,2026-04-18 13:52
KFEIN,4.31,,2026_01,2026-04-18 13:52
KGYO,-1.09,,2026_01,2026-04-18 13:52
KIMMR,0.72,536.347,2026_01,2026-04-18 13:52
KLGYO,1.08,,2026_01,2026-04-18 13:52
KLKIM,2.26,,2026_01,2026-04-18 13:52
KLMSN,-2.82,-870.052,2026_01,2026-04-18 13:52
KLNMA,-0.02,-14.898,2026_01,2026-04-18 13:52
A1YEN,-0.89,-368.866,2026_01,2026-04-18 13:52
KLSER,0.73,799.706,2026_01,2026-04-18 13:52
KLSYN,-10.48,,2026_01,2026-04-18 13:52
KLYPV,-4.2,,2026_01,2026-04-18 13:52
KMPUR,-1.91,,2026_01,2026-04-18 13:52
KNFRT,-0.21,-273.786,2026_01,2026-04-18 13:52
KOCMT,-0.84,,2026_01,2026-04-18 13:52
KONKA,0.05,40.165,2026_01,2026-04-18 13:52
ASGYO,0.02,42.315,2026_01,2026-04-18 13:52
KONYA,-0.09,-1.559,2026_01,2026-04-18 13:52
KOPOL,1.07,,2026_01,2026-04-18 13:52
KORDS,-0.27,-177.445,2026_01,2026-04-18 13:52
KOTON,4.1,,2026_01,2026-04-18 13:52
AGROT,0.55,,2026_01,2026-04-18 13:52
ASUZU,3.29,,2026_01,2026-04-18 13:52
KRDMA,-0.5,,2026_01,2026-04-18 13:52
KRDMB,5.08,,2026_01,2026-04-18 13:52
ATAGY,0.28,129.223,2026_01,2026-04-18 13:52
KRGYO,1.24,,2026_01,2026-04-18 13:52
KRONT,-0.35,-402.489,2026_01,2026-04-18 13:52
KRPLS,2.0,,2026_01,2026-04-18 13:52
KRSTL,-0.62,,2026_01,2026-04-18 13:52
KRTEK,2.9,552.528,2026_01,2026-04-18 13:52
KRVGD,0.45,,2026_01,2026-04-18 13:52
KSTUR,0.0,-54.0,2026_01,2026-04-18 13:52
ATAKP,-0.21,-60.111,2026_01,2026-04-18 13:52
KTSKR,1.86,272.906,2026_01,2026-04-18 13:52
KUTPO,2.05,214.956,2026_01,2026-04-18 13:52
KUVVA,-0.11,-26.335,2026_01,2026-04-18 13:52
ATATP,3.31,622.481,2026_01,2026-04-18 13:52
KZBGY,-0.42,,2026_01,2026-04-18 13:52
KZGYO,2.75,,2026_01,2026-04-18 13:52
LIDER,1.12,,2026_01,2026-04-18 13:52
LIDFA,0.61,,2026_01,2026-04-18 13:52
LILAK,-0.23,-607.531,2026_01,2026-04-18 13:52
LINK,-0.86,-157.133,2026_01,2026-04-18 13:52
LKMNH,-0.92,,2026_01,2026-04-18 13:52
LMKDC,6.7,,2026_01,2026-04-18 13:52
LOGO,-0.45,-333.556,2026_01,2026-04-18 13:52
LRSHO,0.13,925.97,2026_01,2026-04-18 13:52
LUKSK,0.22,60.088,2026_01,2026-04-18 13:52
LYDHO,-30.65,,2026_01,2026-04-18 13:52
LYDYE,0.21,2.835,2026_01,2026-04-18 13:52
MAALT,0.39,18.368,2026_01,2026-04-18 13:52
MACKO,-6.42,,2026_01,2026-04-18 13:52
ATEKS,0.0,-85.0,2026_01,2026-04-18 13:52
MAKIM,-0.83,-353.54,2026_01,2026-04-18 13:52
MAKTK,0.24,433.207,2026_01,2026-04-18 13:52
MANAS,1.46,,2026_01,2026-04-18 13:52
MARBL,-3.44,,2026_01,2026-04-18 13:52
MARKA,1.97,413.714,2026_01,2026-04-18 13:52
MARMR,-3.15,,2026_01,2026-04-18 13:52
MARTI,-1.92,,2026_01,2026-04-18 13:52
ATLAS,0.78,466.715,2026_01,2026-04-18 13:52
MEDTR,-5.1,,2026_01,2026-04-18 13:52
MEGAP,-0.01,-25.001,2026_01,2026-04-18 13:52
MEGMT,2.75,,2026_01,2026-04-18 13:52
MEKAG,-0.65,-436.205,2026_01,2026-04-18 13:52
MEPET,1.0,739.974,2026_01,2026-04-18 13:52
MERCN,2.19,,2026_01,2026-04-18 13:52
MERIT,-1.71,,2026_01,2026-04-18 13:52
MERKO,-1.8,,2026_01,2026-04-18 13:52
METRO,0.76,,2026_01,2026-04-18 13:52
MEYSU,8.87,,2026_01,2026-04-18 13:52
ATSYH,0.0,2.0,2026_01,2026-04-18 13:52
MHRGY,0.88,,2026_01,2026-04-18 13:52
AVGYO,0.86,957.756,2026_01,2026-04-18 13:52
MMCAS,-0.01,193.0,2026_01,2026-04-18 13:52
MNDRS,0.83,,2026_01,2026-04-18 13:52
MNDTR,0.57,,2026_01,2026-04-18 13:52
MOBTL,0.85,,2026_01,2026-04-18 13:52
MOGAN,1.64,,2026_01,2026-04-18 13:52
MOPAS,3.59,,2026_01,2026-04-18 13:52
AVHOL,1.0,260.703,2026_01,2026-04-18 13:52
MRGYO,0.4,,2026_01,2026-04-18 13:52
MRSHL,-0.3,-12.68,2026_01,2026-04-18 13:52
MSGYO,-0.27,-334.009,2026_01,2026-04-18 13:52
MTRKS,0.28,123.189,2026_01,2026-04-18 13:52
MTRYO,-0.08,-32.499,2026_01,2026-04-18 13:52
MZHLD,-1.03,-740.941,2026_01,2026-04-18 13:52
NATEN,-0.05,-160.275,2026_01,2026-04-18 13:52
NETAS,-0.75,-236.335,2026_01,2026-04-18 13:52
NIBAS,-0.07,-189.274,2026_01,2026-04-18 13:52
NTGAZ,3.34,,2026_01,2026-04-18 13:52
NTHOL,-0.22,,2026_01,2026-04-18 13:52
NUGYO,0.1,313.109,2026_01,2026-04-18 13:52
NUHCM,0.29,94.632,2026_01,2026-04-18 13:52
AVOD,-0.91,,2026_01,2026-04-18 13:52
OBASE,4.82,719.147,2026_01,2026-04-18 13:52
AVPGY,0.95,950.617,2026_01,2026-04-18 13:52
ODINE,8.07,,2026_01,2026-04-18 13:52
OFSYM,0.51,115.61,2026_01,2026-04-18 13:52
ONCSM,-2.72,-274.295,2026_01,2026-04-18 13:52
ONRYT,4.48,883.566,2026_01,2026-04-18 13:52
ORCAY,1.05,,2026_01,2026-04-18 13:52
ORGE,-0.47,-199.947,2026_01,2026-04-18 13:52
ORMA,0.0,0.0,2026_01,2026-04-18 13:52
OSMEN,0.14,214.898,2026_01,2026-04-18 13:52
OSTIM,0.66,,2026_01,2026-04-18 13:52
AVTUR,0.96,414.19,2026_01,2026-04-18 13:52
OTTO,-1.99,5.357,2026_01,2026-04-18 13:52
AYCES,6.11,115.708,2026_01,2026-04-18 13:52
OYAYO,0.09,17.187,2026_01,2026-04-18 13:52
OYLUM,0.33,264.951,2026_01,2026-04-18 13:52
OYYAT,-0.13,-116.979,2026_01,2026-04-18 13:52
OZATD,-0.22,-30.104,2026_01,2026-04-18 13:52
OZGYO,4.53,,2026_01,2026-04-18 13:52
OZKGY,-1.67,,2026_01,2026-04-18 13:52
OZRDN,-0.67,-384.019,2026_01,2026-04-18 13:52
OZSUB,0.47,307.915,2026_01,2026-04-18 13:52
OZYSR,-0.88,-356.956,2026_01,2026-04-18 13:52
PAGYO,-0.11,-60.951,2026_01,2026-04-18 13:52
PAHOL,-4.33,,2026_01,2026-04-18 13:52
PAMEL,0.53,114.323,2026_01,2026-04-18 13:52
PAPIL,2.04,,2026_01,2026-04-18 13:52
PARSN,-0.19,-62.649,2026_01,2026-04-18 13:52
AYDEM,4.7,,2026_01,2026-04-18 13:52
AYEN,-0.18,-101.701,2026_01,2026-04-18 13:52
PCILT,0.64,290.29,2026_01,2026-04-18 13:52
TEHOL,-12.96,,2026_01,2026-04-18 13:52
PEKGY,3.71,,2026_01,2026-04-18 13:52
PENGD,-0.33,-559.85,2026_01,2026-04-18 13:52
PENTA,0.79,,2026_01,2026-04-18 13:52
AYES,0.44,392.161,2026_01,2026-04-18 13:52
PETUN,0.78,,2026_01,2026-04-18 13:52
AYGAZ,-0.28,-278.436,2026_01,2026-04-18 13:52
PINSU,-3.96,,2026_01,2026-04-18 13:52
PKART,2.3,254.322,2026_01,2026-04-18 13:52
PKENT,0.71,170.394,2026_01,2026-04-18 13:52
PLTUR,-0.02,-9.022,2026_01,2026-04-18 13:52
PNLSN,0.5,175.43,2026_01,2026-04-18 13:52
PNSUT,0.43,545.305,2026_01,2026-04-18 13:52
POLHO,0.0,-5.817,2026_01,2026-04-18 13:52
POLTK,-5.05,-56.789,2026_01,2026-04-18 13:52
PRDGS,3.5,,2026_01,2026-04-18 13:52
PRKAB,-1.86,-656.25,2026_01,2026-04-18 13:52
PRKME,-10.37,,2026_01,2026-04-18 13:52
PRZMA,0.29,350.043,2026_01,2026-04-18 13:52
PSDTC,0.35,23.074,2026_01,2026-04-18 13:52
PSGYO,-1.76,,2026_01,2026-04-18 13:52
QNBFK,0.0,21.0,2026_01,2026-04-18 13:52
QNBTR,0.0,,2026_01,2026-04-18 13:52
AZTEK,0.84,,2026_01,2026-04-18 13:52
BAGFS,-0.11,-106.723,2026_01,2026-04-18 13:52
RAYSG,0.33,171.26,2026_01,2026-04-18 13:52
BAHKM,3.64,848.187,2026_01,2026-04-18 13:52
RGYAS,-1.5,,2026_01,2026-04-18 13:52
RNPOL,-0.84,-140.301,2026_01,2026-04-18 13:52
RODRG,1.15,199.675,2026_01,2026-04-18 13:52
ROYAL,0.0,86.0,2026_01,2026-04-18 13:52
RTALB,5.35,,2026_01,2026-04-18 13:52
RUBNS,6.46,,2026_01,2026-04-18 13:52
RYGYO,1.63,,2026_01,2026-04-18 13:52
RYSAS,0.1,,2026_01,2026-04-18 13:52
SAFKR,0.73,,2026_01,2026-04-18 13:52
BAKAB,1.29,450.97,2026_01,2026-04-18 13:52
SAMAT,-0.49,-508.216,2026_01,2026-04-18 13:52
SANEL,1.16,209.14,2026_01,2026-04-18 13:52
SANFM,-0.96,,2026_01,2026-04-18 13:52
SANKO,1.29,483.434,2026_01,2026-04-18 13:52
SARKY,-0.37,,2026_01,2026-04-18 13:52
BALAT,-0.13,-9.992,2026_01,2026-04-18 13:52
SAYAS,1.82,773.072,2026_01,2026-04-18 13:52
SDTTR,2.84,453.441,2026_01,2026-04-18 13:52
SEGMN,3.87,,2026_01,2026-04-18 13:52
SEGYO,-2.72,,2026_01,2026-04-18 13:52
SEKFK,-0.09,-55.286,2026_01,2026-04-18 13:52
SEKUR,0.08,99.091,2026_01,2026-04-18 13:52
SELEC,0.91,,2026_01,2026-04-18 13:52
SELVA,-0.87,,2026_01,2026-04-18 13:52
SERNT,0.25,284.111,2026_01,2026-04-18 13:52
SEYKM,0.25,389.808,2026_01,2026-04-18 13:52
SILVR,1.03,,2026_01,2026-04-18 13:52
AGYO,-0.05,-62.373,2026_01,2026-04-18 13:52
BANVT,0.22,80.149,2026_01,2026-04-18 13:52
SKTAS,1.02,,2026_01,2026-04-18 13:52
SKYLP,2.61,186.713,2026_01,2026-04-18 13:52
SKYMD,1.15,605.855,2026_01,2026-04-18 13:52
SMART,0.94,280.93,2026_01,2026-04-18 13:52
SMRTG,0.42,,2026_01,2026-04-18 13:52
SMRVA,-51.3,,2026_01,2026-04-18 13:52
SNGYO,0.13,,2026_01,2026-04-18 13:52
SNICA,1.55,,2026_01,2026-04-18 13:52
SNPAM,0.02,3.081,2026_01,2026-04-18 13:52
SODSN,-0.04,21.68,2026_01,2026-04-18 13:52
SOKE,4.21,,2026_01,2026-04-18 13:52
BARMA,-17.31,,2026_01,2026-04-18 13:52
SONME,0.08,28.622,2026_01,2026-04-18 13:52
SRVGY,4.6,,2026_01,2026-04-18 13:52
SUMAS,0.0,201.0,2026_01,2026-04-18 13:52
SUNTK,-0.54,,2026_01,2026-04-18 13:52
SURGY,0.45,157.633,2026_01,2026-04-18 13:52
SUWEN,-0.6,,2026_01,2026-04-18 13:52
BASCM,-0.23,0.0,2026_01,2026-04-18 13:52
TARKM,2.12,106.186,2026_01,2026-04-18 13:52
TATEN,3.39,,2026_01,2026-04-18 13:52
TATGD,2.56,,2026_01,2026-04-18 13:52
BASGZ,0.25,433.651,2026_01,2026-04-18 13:52
TBORG,-0.08,-43.141,2026_01,2026-04-18 13:52
BAYRK,-1.78,,2026_01,2026-04-18 13:52
TCKRC,-0.7,653.106,2026_01,2026-04-18 13:52
TDGYO,-0.24,-142.44,2026_01,2026-04-18 13:52
TEKTU,4.66,,2026_01,2026-04-18 13:52
TERA,9.35,,2026_01,2026-04-18 13:52
TEZOL,2.84,,2026_01,2026-04-18 13:52
TGSAS,0.5,65.836,2026_01,2026-04-18 13:52
BEGYO,3.61,,2026_01,2026-04-18 13:52
BERA,-2.21,,2026_01,2026-04-18 13:52
TKNSA,0.57,576.981,2026_01,2026-04-18 13:52
TLMAN,3.2,330.093,2026_01,2026-04-18 13:52
TMPOL,3.88,428.907,2026_01,2026-04-18 13:52
TMSN,0.82,366.005,2026_01,2026-04-18 13:52
TNZTP,-5.42,,2026_01,2026-04-18 13:52
BESLR,0.32,,2026_01,2026-04-18 13:52
TRCAS,-0.17,-345.955,2026_01,2026-04-18 13:52
TRGYO,-1.69,,2026_01,2026-04-18 13:52
TRILC,-1.55,,2026_01,2026-04-18 13:52
TSGYO,1.05,,2026_01,2026-04-18 13:52
BEYAZ,1.11,473.261,2026_01,2026-04-18 13:52
BFREN,1.08,264.625,2026_01,2026-04-18 13:52
BIENY,0.76,647.643,2026_01,2026-04-18 13:52
BIGCH,5.21,,2026_01,2026-04-18 13:52
TUCLK,1.16,,2026_01,2026-04-18 13:52
BIGEN,2.81,,2026_01,2026-04-18 13:52
BIGTK,-29.36,101.169,2026_01,2026-04-18 13:52
AHGAZ,-0.21,,2026_01,2026-04-18 13:52
TURGG,-1.01,-323.749,2026_01,2026-04-18 13:52
BINBN,-1.17,-166.056,2026_01,2026-04-18 13:52
UCAYM,20.53,,2026_01,2026-04-18 13:52
UFUK,0.0,925.0,2026_01,2026-04-18 13:52
ULAS,0.16,40.039,2026_01,2026-04-18 13:52
BINHO,0.26,,2026_01,2026-04-18 13:52
ULUFA,1.57,,2026_01,2026-04-18 13:52
ULUSE,0.1,24.633,2026_01,2026-04-18 13:52
ULUUN,-0.66,,2026_01,2026-04-18 13:52
UMPAS,0.0,630.0,2026_01,2026-04-18 13:52
UNLU,-0.46,-472.032,2026_01,2026-04-18 13:52
USAK,0.05,,2026_01,2026-04-18 13:52
BIOEN,-1.76,,2026_01,2026-04-18 13:52
VAKFA,0.12,272.801,2026_01,2026-04-18 13:52
VAKFN,0.84,,2026_01,2026-04-18 13:52
VAKKO,2.22,683.201,2026_01,2026-04-18 13:52
VANGD,2.0,488.902,2026_01,2026-04-18 13:52
VBTYZ,-3.02,,2026_01,2026-04-18 13:52
VERTU,0.81,179.421,2026_01,2026-04-18 13:52
VERUS,0.18,62.402,2026_01,2026-04-18 13:52
VESBE,0.43,,2026_01,2026-04-18 13:52
BIZIM,-0.11,-28.778,2026_01,2026-04-18 13:52
VKFYO,-0.49,-130.997,2026_01,2026-04-18 13:52
VKGYO,3.67,,2026_01,2026-04-18 13:52
VKING,-0.11,-36.14,2026_01,2026-04-18 13:52
VRGYO,0.62,,2026_01,2026-04-18 13:52
VSNMD,-4.2,,2026_01,2026-04-18 13:52
YAPRK,-0.84,-35.345,2026_01,2026-04-18 13:52
YATAS,2.12,,2026_01,2026-04-18 13:52
YAYLA,0.19,77.271,2026_01,2026-04-18 13:52
YBTAS,-0.02,-3.5,2026_01,2026-04-18 13:52
BJKAS,22.25,,2026_01,2026-04-18 13:52
YESIL,-0.52,,2026_01,2026-04-18 13:52
YGGYO,0.01,27.012,2026_01,2026-04-18 13:52
YGYO,-0.23,,2026_01,2026-04-18 13:52
YIGIT,-2.68,,2026_01,2026-04-18 13:52
BLCYT,-0.13,-64.343,2026_01,2026-04-18 13:52
YKSLN,-2.65,,2026_01,2026-04-18 13:52
YONGA,-0.36,-25.58,2026_01,2026-04-18 13:52
YUNSA,2.53,,2026_01,2026-04-18 13:52
YYAPI,-0.71,,2026_01,2026-04-18 13:52
YYLGD,0.58,,2026_01,2026-04-18 13:52
ZEDUR,-2.83,,2026_01,2026-04-18 13:52
ZERGY,3.48,,2026_01,2026-04-18 13:52
ZGYO,40.62,,2026_01,2026-04-18 13:52
BLUME,0.2,345.662,2026_01,2026-04-18 13:52
ZRGYO,0.12,,2026_01,2026-04-18 13:52
TUPRS,-2.83,,2026_02,2026-04-18 13:53
THYAO,-0.26,,2026_02,2026-04-18 13:53
SASA,-2.83,,2026_02,2026-04-18 13:53
ASELS,-0.24,,2026_02,2026-04-18 13:53
ISCTR,0.45,,2026_02,2026-04-18 13:53
HEKTS,-1.94,,2026_02,2026-04-18 13:53
SISE,-2.19,,2026_02,2026-04-18 13:53
PGSUS,7.22,,2026_02,2026-04-18 13:53
EREGL,3.46,,2026_02,2026-04-18 13:53
ALTNY,-1.81,,2026_02,2026-04-18 13:53
REEDR,0.74,,2026_02,2026-04-18 13:53
KCHOL,0.61,,2026_02,2026-04-18 13:53
KONTR,-0.33,,2026_02,2026-04-18 13:53
FROTO,2.3,,2026_02,2026-04-18 13:53
CWENE,-2.96,,2026_02,2026-04-18 13:53
ASTOR,2.68,,2026_02,2026-04-18 13:53
PATEK,-0.75,,2026_02,2026-04-18 13:53
TABGD,0.43,222.672,2026_02,2026-04-18 13:53
IZENR,0.55,,2026_02,2026-04-18 13:53
CANTE,-0.25,,2026_02,2026-04-18 13:53
ZOREN,1.23,,2026_02,2026-04-18 13:53
ENERY,1.35,,2026_02,2026-04-18 13:53
DOAS,-0.26,-254.872,2026_02,2026-04-18 13:53
PETKM,0.02,226.0,2026_02,2026-04-18 13:53
OBAMS,-2.65,,2026_02,2026-04-18 13:53
ENJSA,0.72,,2026_02,2026-04-18 13:53
AKBNK,1.26,,2026_02,2026-04-18 13:53
SAHOL,-1.3,,2026_02,2026-04-18 13:53
KCAER,-0.13,-635.571,2026_02,2026-04-18 13:53
TCELL,0.18,,2026_02,2026-04-18 13:53
BIMAS,-0.58,,2026_02,2026-04-18 13:53
OYAKC,-0.74,,2026_02,2026-04-18 13:53
EUPWR,0.36,722.759,2026_02,2026-04-18 13:53
MIATK,0.65,,2026_02,2026-04-18 13:53
YKBNK,1.5,,2026_02,2026-04-18 13:53
TOASO,1.36,,2026_02,2026-04-18 13:53
TTRAK,2.03,509.087,2026_02,2026-04-18 13:53
TUKAS,-0.27,,2026_02,2026-04-18 13:53
ENKAI,0.66,,2026_02,2026-04-18 13:53
GARAN,0.25,,2026_02,2026-04-18 13:53
KRDMD,2.45,,2026_02,2026-04-18 13:53
MGROS,1.53,,2026_02,2026-04-18 13:53
ISMEN,-0.12,-581.335,2026_02,2026-04-18 13:53
GSRAY,-0.45,,2026_02,2026-04-18 13:53
TRALT,1.81,,2026_02,2026-04-18 13:53
AKSA,-0.83,,2026_02,2026-04-18 13:53
AEFES,3.22,,2026_02,2026-04-18 13:53
TSPOR,1.47,,2026_02,2026-04-18 13:53
YEOTK,-0.52,-840.678,2026_02,2026-04-18 13:53
ODAS,-2.86,,2026_02,2026-04-18 13:53
EKGYO,-1.97,,2026_02,2026-04-18 13:53
GESAN,-1.93,,2026_02,2026-04-18 13:53
ALARK,3.11,,2026_02,2026-04-18 13:53
FENER,-1.8,,2026_02,2026-04-18 13:53
ARCLK,1.57,,2026_02,2026-04-18 13:53
MAVI,0.62,,2026_02,2026-04-18 13:53
CIMSA,-0.42,,2026_02,2026-04-18 13:53
TTKOM,2.24,,2026_02,2026-04-18 13:53
TAVHL,-0.04,-72.177,2026_02,2026-04-18 13:53
ULKER,0.15,482.569,2026_02,2026-04-18 13:53
VESTL,-2.91,,2026_02,2026-04-18 13:53
SKBNK,0.44,,2026_02,2026-04-18 13:53
CCOLA,1.02,,2026_02,2026-04-18 13:53
AKSEN,0.03,161.869,2026_02,2026-04-18 13:53
QUAGR,-6.67,,2026_02,2026-04-18 13:53
TURSG,0.6,,2026_02,2026-04-18 13:53
GLRMK,-11.15,,2026_02,2026-04-18 13:53
DOHOL,0.18,,2026_02,2026-04-18 13:53
HALKB,0.12,,2026_02,2026-04-18 13:53
SOKM,2.8,,2026_02,2026-04-18 13:53
BRSAN,1.0,359.425,2026_02,2026-04-18 13:53
TSKB,-1.87,,2026_02,2026-04-18 13:53
KTLEV,4.33,,2026_02,2026-04-18 13:53
GUBRF,1.11,953.444,2026_02,2026-04-18 13:53
TUREX,0.36,,2026_02,2026-04-18 13:53
VAKBN,0.16,,2026_02,2026-04-18 13:53
PASEU,0.68,,2026_02,2026-04-18 13:53
OTKAR,-6.32,,2026_02,2026-04-18 13:53
EFOR,-3.8,,2026_02,2026-04-18 13:53
ECILC,-0.22,-471.367,2026_02,2026-04-18 13:53
TKFEN,-1.43,,2026_02,2026-04-18 13:53
AGHOL,0.69,,2026_02,2026-04-18 13:53
BALSU,-2.79,,2026_02,2026-04-18 13:53
ANSGR,-0.51,,2026_02,2026-04-18 13:53
BTCIM,1.09,,2026_02,2026-04-18 13:53
DAPGM,3.0,,2026_02,2026-04-18 13:53
GRTHO,-0.66,-243.748,2026_02,2026-04-18 13:53
MAGEN,1.22,,2026_02,2026-04-18 13:53
EGEEN,-0.66,-7.549,2026_02,2026-04-18 13:53
GENIL,1.29,,2026_02,2026-04-18 13:53
TRMET,1.06,,2026_02,2026-04-18 13:53
BRYAT,-0.14,-14.01,2026_02,2026-04-18 13:53
BSOKE,1.22,,2026_02,2026-04-18 13:53
KUYAS,5.47,,2026_02,2026-04-18 13:53
MPARK,0.49,398.767,2026_02,2026-04-18 13:53
TRENJ,1.75,,2026_02,2026-04-18 13:53
KLRHO,-0.12,-392.311,2026_02,2026-04-18 13:53
DSTKF,0.13,,2026_02,2026-04-18 13:53
GRSEL,1.0,297.385,2026_02,2026-04-18 13:53
RALYH,0.44,807.118,2026_02,2026-04-18 13:53
BJKAS,-2.52,,2026_02,2026-04-18 13:53
BLCYT,-0.27,-131.29,2026_02,2026-04-18 13:53
BLUME,0.95,,2026_02,2026-04-18 13:53
BMSCH,1.31,905.438,2026_02,2026-04-18 13:53
BMSTL,-2.49,,2026_02,2026-04-18 13:53
BNTAS,3.38,,2026_02,2026-04-18 13:53
BOBET,-0.2,-222.001,2026_02,2026-04-18 13:53
BORLS,-1.48,,2026_02,2026-04-18 13:53
BORSK,6.3,,2026_02,2026-04-18 13:53
BOSSA,0.1,468.031,2026_02,2026-04-18 13:53
BRISA,0.82,253.83,2026_02,2026-04-18 13:53
BRKO,1.54,,2026_02,2026-04-18 13:53
BRKSN,0.97,604.904,2026_02,2026-04-18 13:53
BRKVY,0.21,27.97,2026_02,2026-04-18 13:53
BRLSM,-0.82,-884.814,2026_02,2026-04-18 13:53
BRMEN,0.0,12.0,2026_02,2026-04-18 13:53
AHSGY,0.61,,2026_02,2026-04-18 13:53
ACSEL,0.71,61.046,2026_02,2026-04-18 13:53
AKCNS,4.7,,2026_02,2026-04-18 13:53
AKENR,-0.53,,2026_02,2026-04-18 13:53
BUCIM,-0.8,,2026_02,2026-04-18 13:53
BULGS,-8.14,,2026_02,2026-04-18 13:53
BURCE,-3.72,,2026_02,2026-04-18 13:53
BURVA,8.83,416.998,2026_02,2026-04-18 13:53
BVSAN,0.51,69.707,2026_02,2026-04-18 13:53
BYDNR,-0.73,4.909,2026_02,2026-04-18 13:53
AKFGY,0.43,,2026_02,2026-04-18 13:53
CASA,0.0,1.0,2026_02,2026-04-18 13:53
CATES,4.72,,2026_02,2026-04-18 13:53
AKFIS,-2.34,,2026_02,2026-04-18 13:53
CELHA,-0.35,-489.997,2026_02,2026-04-18 13:53
CEMAS,-0.83,,2026_02,2026-04-18 13:53
CEMTS,1.87,,2026_02,2026-04-18 13:53
CEMZY,-0.22,-272.202,2026_02,2026-04-18 13:53
CEOEM,-0.52,-118.614,2026_02,2026-04-18 13:53
CGCAM,-0.35,-145.235,2026_02,2026-04-18 13:53
AKFYE,-0.22,,2026_02,2026-04-18 13:53
CLEBI,-0.64,-34.997,2026_02,2026-04-18 13:53
CMBTN,-1.1,-11.174,2026_02,2026-04-18 13:53
CMENT,0.0,3.0,2026_02,2026-04-18 13:53
CONSE,3.77,,2026_02,2026-04-18 13:53
COSMO,0.14,9.234,2026_02,2026-04-18 13:53
CRDFA,1.7,,2026_02,2026-04-18 13:53
CRFSA,1.83,334.511,2026_02,2026-04-18 13:53
CUSAN,2.76,511.303,2026_02,2026-04-18 13:53
CVKMD,-6.38,,2026_02,2026-04-18 13:53
AKGRT,1.18,,2026_02,2026-04-18 13:53
TRHOL,6.0,,2026_02,2026-04-18 13:53
DAGI,1.38,,2026_02,2026-04-18 13:53
AKHAN,14.68,,2026_02,2026-04-18 13:53
DARDL,0.81,,2026_02,2026-04-18 13:53
DCTTR,1.49,,2026_02,2026-04-18 13:53
DENGE,1.61,,2026_02,2026-04-18 13:53
DERHL,-3.01,,2026_02,2026-04-18 13:53
DERIM,0.31,126.369,2026_02,2026-04-18 13:53
DESA,-0.21,-365.034,2026_02,2026-04-18 13:53
DESPC,2.63,421.649,2026_02,2026-04-18 13:53
DEVA,0.6,,2026_02,2026-04-18 13:53
DGATE,-1.38,-209.84,2026_02,2026-04-18 13:53
DGGYO,0.01,28.109,2026_02,2026-04-18 13:53
DGNMO,-1.55,,2026_02,2026-04-18 13:53
DIRIT,0.0,84.0,2026_02,2026-04-18 13:53
DITAS,0.31,256.369,2026_02,2026-04-18 13:53
DMRGD,0.56,,2026_02,2026-04-18 13:53
DMSAS,1.78,,2026_02,2026-04-18 13:53
DNISI,-0.18,-101.036,2026_02,2026-04-18 13:53
AKMGY,0.0,830.0,2026_02,2026-04-18 13:53
DOCO,1.75,838.0,2026_02,2026-04-18 13:53
DOFER,-2.46,-468.032,2026_02,2026-04-18 13:53
DOFRB,-3.26,,2026_02,2026-04-18 13:53
DOGUB,1.64,325.704,2026_02,2026-04-18 13:53
ADEL,-0.01,-18.335,2026_02,2026-04-18 13:53
DOKTA,0.19,266.382,2026_02,2026-04-18 13:53
ADESE,-30.44,,2026_02,2026-04-18 13:53
DUNYH,0.56,203.348,2026_02,2026-04-18 13:53
DURDO,-1.59,,2026_02,2026-04-18 13:53
DURKN,-1.35,-574.918,2026_02,2026-04-18 13:53
DYOBY,1.27,,2026_02,2026-04-18 13:53
DZGYO,0.31,,2026_02,2026-04-18 13:53
EBEBK,0.81,329.096,2026_02,2026-04-18 13:53
AKSGY,-0.02,-312.406,2026_02,2026-04-18 13:53
ECOGR,1.09,,2026_02,2026-04-18 13:53
ECZYT,-0.63,-288.82,2026_02,2026-04-18 13:53
EDATA,8.11,,2026_02,2026-04-18 13:53
EDIP,0.9,330.586,2026_02,2026-04-18 13:53
AKSUE,2.22,,2026_02,2026-04-18 13:53
AKYHO,0.6,,2026_02,2026-04-18 13:53
EGEGY,5.34,,2026_02,2026-04-18 13:53
EGEPO,2.46,,2026_02,2026-04-18 13:53
EGGUB,-0.9,-679.943,2026_02,2026-04-18 13:53
EGPRO,0.82,,2026_02,2026-04-18 13:53
EGSER,1.5,,2026_02,2026-04-18 13:53
ADGYO,45.06,,2026_02,2026-04-18 13:53
EKIZ,-0.07,-5.538,2026_02,2026-04-18 13:53
EKOS,-0.82,,2026_02,2026-04-18 13:53
EKSUN,2.49,,2026_02,2026-04-18 13:53
ELITE,-1.6,-717.258,2026_02,2026-04-18 13:53
EMKEL,-1.16,,2026_02,2026-04-18 13:53
EMNIS,0.0,2.0,2026_02,2026-04-18 13:53
EMPAE,40.16,,2026_02,2026-04-18 13:53
ENDAE,-2.6,,2026_02,2026-04-18 13:53
ALBRK,-1.37,,2026_02,2026-04-18 13:53
ALCAR,-1.77,-30.443,2026_02,2026-04-18 13:53
ALCTL,4.3,582.628,2026_02,2026-04-18 13:53
ENSRI,3.21,,2026_02,2026-04-18 13:53
ENTRA,-0.52,,2026_02,2026-04-18 13:53
EPLAS,-0.64,,2026_02,2026-04-18 13:53
ERBOS,0.57,91.169,2026_02,2026-04-18 13:53
ERCB,-8.65,,2026_02,2026-04-18 13:53
ALFAS,-1.59,,2026_02,2026-04-18 13:53
ERSU,2.9,919.568,2026_02,2026-04-18 13:53
ESCAR,1.09,,2026_02,2026-04-18 13:53
ESCOM,-2.6,,2026_02,2026-04-18 13:53
ESEN,-2.59,,2026_02,2026-04-18 13:53
ETILR,1.74,,2026_02,2026-04-18 13:53
ETYAT,1.46,249.782,2026_02,2026-04-18 13:53
EUHOL,-0.01,-9.772,2026_02,2026-04-18 13:53
EUKYO,1.29,256.241,2026_02,2026-04-18 13:53
ALGYO,1.2,,2026_02,2026-04-18 13:53
EUREN,-2.92,,2026_02,2026-04-18 13:53
EUYO,-0.3,-60.594,2026_02,2026-04-18 13:53
EYGYO,-2.21,,2026_02,2026-04-18 13:53
FADE,2.22,938.938,2026_02,2026-04-18 13:53
ALKA,0.26,859.437,2026_02,2026-04-18 13:53
FLAP,0.26,242.327,2026_02,2026-04-18 13:53
FMIZP,-1.1,-38.643,2026_02,2026-04-18 13:53
FONET,-6.4,,2026_02,2026-04-18 13:53
FORMT,-3.64,,2026_02,2026-04-18 13:53
FORTE,-4.14,-911.982,2026_02,2026-04-18 13:53
FRIGO,-0.6,,2026_02,2026-04-18 13:53
FRMPL,-3.52,,2026_02,2026-04-18 13:53
ALKIM,0.75,,2026_02,2026-04-18 13:53
FZLGY,-0.15,-572.533,2026_02,2026-04-18 13:53
ALKLC,7.99,,2026_02,2026-04-18 13:53
GARFA,0.2,288.347,2026_02,2026-04-18 13:53
GATEG,17.59,,2026_02,2026-04-18 13:53
GEDIK,-0.81,,2026_02,2026-04-18 13:53
GEDZA,-0.83,-357.846,2026_02,2026-04-18 13:53
RUZYE,1.24,,2026_02,2026-04-18 13:53
GENTS,0.0,-40.209,2026_02,2026-04-18 13:53
GEREL,-1.08,,2026_02,2026-04-18 13:53
A1CAP,-2.55,,2026_02,2026-04-18 13:53
GIPTA,-0.23,-123.288,2026_02,2026-04-18 13:53
GLBMD,-0.12,-35.241,2026_02,2026-04-18 13:53
GLCVY,-0.24,-63.332,2026_02,2026-04-18 13:53
ALVES,13.28,,2026_02,2026-04-18 13:53
GLRYH,-0.31,,2026_02,2026-04-18 13:53
GLYHO,1.47,,2026_02,2026-04-18 13:53
GMTAS,1.9,,2026_02,2026-04-18 13:53
GOKNR,-0.64,,2026_02,2026-04-18 13:53
GOLTS,0.52,64.995,2026_02,2026-04-18 13:53
GOODY,0.57,757.222,2026_02,2026-04-18 13:53
GOZDE,-1.02,,2026_02,2026-04-18 13:53
GRNYO,0.0,-256.0,2026_02,2026-04-18 13:53
ANELE,1.1,,2026_02,2026-04-18 13:53
ANGEN,-0.18,-157.323,2026_02,2026-04-18 13:53
GSDDE,2.01,,2026_02,2026-04-18 13:53
GSDHO,1.87,,2026_02,2026-04-18 13:53
ANHYT,-0.25,-220.076,2026_02,2026-04-18 13:53
AFYON,0.93,,2026_02,2026-04-18 13:53
GUNDG,11.53,,2026_02,2026-04-18 13:53
GWIND,3.02,,2026_02,2026-04-18 13:53
GZNMI,-3.8,,2026_02,2026-04-18 13:53
ARASE,3.13,,2026_02,2026-04-18 13:53
HATEK,-1.26,-791.482,2026_02,2026-04-18 13:53
HATSN,-4.94,,2026_02,2026-04-18 13:53
HDFGS,-1.13,,2026_02,2026-04-18 13:53
HEDEF,1.95,,2026_02,2026-04-18 13:53
AGESA,0.04,13.501,2026_02,2026-04-18 13:53
HKTM,-1.17,-853.051,2026_02,2026-04-18 13:53
HLGYO,-2.13,,2026_02,2026-04-18 13:53
HOROZ,-1.25,-308.585,2026_02,2026-04-18 13:53
HRKET,4.79,,2026_02,2026-04-18 13:53
HTTBT,0.41,343.271,2026_02,2026-04-18 13:53
HUBVC,1.17,,2026_02,2026-04-18 13:53
HUNER,-3.53,,2026_02,2026-04-18 13:53
HURGZ,-0.53,,2026_02,2026-04-18 13:53
ICBCT,0.1,231.351,2026_02,2026-04-18 13:53
ICUGS,0.11,379.26,2026_02,2026-04-18 13:53
IDGYO,-0.87,,2026_02,2026-04-18 13:53
IEYHO,0.06,350.366,2026_02,2026-04-18 13:53
IHAAS,-6.68,,2026_02,2026-04-18 13:53
IHEVA,0.65,,2026_02,2026-04-18 13:53
IHGZT,3.04,,2026_02,2026-04-18 13:53
IHLAS,0.15,,2026_02,2026-04-18 13:53
IHLGM,0.06,556.136,2026_02,2026-04-18 13:53
IHYAY,-0.6,,2026_02,2026-04-18 13:53
IMASM,-1.45,,2026_02,2026-04-18 13:53
INDES,0.39,,2026_02,2026-04-18 13:53
INFO,-1.51,,2026_02,2026-04-18 13:53
INGRM,-0.05,-6.912,2026_02,2026-04-18 13:53
INTEK,0.0,2.0,2026_02,2026-04-18 13:53
INTEM,0.15,14.031,2026_02,2026-04-18 13:53
INVEO,-0.48,,2026_02,2026-04-18 13:53
INVES,-0.41,-155.872,2026_02,2026-04-18 13:53
ARDYZ,0.05,141.711,2026_02,2026-04-18 13:53
ISATR,0.0,0.0,2026_02,2026-04-18 13:53
ISBIR,0.04,5.956,2026_02,2026-04-18 13:53
ISBTR,-0.01,2.0,2026_02,2026-04-18 13:53
ARENA,-0.4,-269.502,2026_02,2026-04-18 13:53
ISDMR,1.81,,2026_02,2026-04-18 13:53
ISFIN,1.16,,2026_02,2026-04-18 13:53
ISGSY,-3.15,,2026_02,2026-04-18 13:53
ISGYO,0.62,,2026_02,2026-04-18 13:53
ISKPL,-2.49,,2026_02,2026-04-18 13:53
ISKUR,0.0,0.0,2026_02,2026-04-18 13:53
ARFYE,-3.31,,2026_02,2026-04-18 13:53
ISSEN,1.29,,2026_02,2026-04-18 13:53
ISYAT,0.71,,2026_02,2026-04-18 13:53
ARMGD,-1.62,-888.095,2026_02,2026-04-18 13:53
IZFAS,0.81,,2026_02,2026-04-18 13:53
IZINV,-0.66,-88.988,2026_02,2026-04-18 13:53
IZMDC,1.5,,2026_02,2026-04-18 13:53
JANTS,-0.51,,2026_02,2026-04-18 13:53
KAPLM,4.04,184.675,2026_02,2026-04-18 13:53
KAREL,2.14,,2026_02,2026-04-18 13:53
KARSN,0.79,,2026_02,2026-04-18 13:53
KARTN,-0.07,-50.35,2026_02,2026-04-18 13:53
KATMR,0.33,,2026_02,2026-04-18 13:53
KAYSE,2.35,,2026_02,2026-04-18 13:53
KBORU,3.14,,2026_02,2026-04-18 13:53
ARSAN,-0.83,,2026_02,2026-04-18 13:53
ARTMS,0.93,225.893,2026_02,2026-04-18 13:53
KENT,0.01,1.789,2026_02,2026-04-18 13:53
KERVN,0.0,-26.0,2026_02,2026-04-18 13:53
KFEIN,-0.67,,2026_02,2026-04-18 13:53
KGYO,11.94,,2026_02,2026-04-18 13:53
KIMMR,1.14,851.322,2026_02,2026-04-18 13:53
KLGYO,-1.01,,2026_02,2026-04-18 13:53
KLKIM,2.72,,2026_02,2026-04-18 13:53
KLMSN,2.19,676.523,2026_02,2026-04-18 13:53
KLNMA,-0.02,-21.783,2026_02,2026-04-18 13:53
ARZUM,1.24,,2026_02,2026-04-18 13:53
KLSER,-0.52,-571.008,2026_02,2026-04-18 13:53
KLSYN,8.83,,2026_02,2026-04-18 13:53
KLYPV,-5.85,,2026_02,2026-04-18 13:53
KMPUR,-1.48,,2026_02,2026-04-18 13:53
KNFRT,-0.31,-408.943,2026_02,2026-04-18 13:53
KOCMT,0.0,865.834,2026_02,2026-04-18 13:53
KONKA,0.79,714.067,2026_02,2026-04-18 13:53
A1YEN,-1.97,-813.326,2026_02,2026-04-18 13:53
KONYA,-0.66,-10.887,2026_02,2026-04-18 13:53
KOPOL,-2.44,,2026_02,2026-04-18 13:53
KORDS,-0.68,-443.83,2026_02,2026-04-18 13:53
KOTON,-4.22,,2026_02,2026-04-18 13:53
ASGYO,-0.51,-842.923,2026_02,2026-04-18 13:53
AGROT,2.29,,2026_02,2026-04-18 13:53
KRDMA,-0.31,-729.101,2026_02,2026-04-18 13:53
KRDMB,-1.45,,2026_02,2026-04-18 13:53
ASUZU,5.9,,2026_02,2026-04-18 13:53
KRGYO,-1.42,,2026_02,2026-04-18 13:53
KRONT,2.3,,2026_02,2026-04-18 13:53
KRPLS,0.18,142.199,2026_02,2026-04-18 13:53
KRSTL,-0.22,-397.258,2026_02,2026-04-18 13:53
KRTEK,2.26,427.814,2026_02,2026-04-18 13:53
KRVGD,3.9,,2026_02,2026-04-18 13:53
KSTUR,0.0,-59.0,2026_02,2026-04-18 13:53
ATAGY,1.94,886.886,2026_02,2026-04-18 13:53
KTSKR,2.36,346.533,2026_02,2026-04-18 13:53
KUTPO,0.86,91.346,2026_02,2026-04-18 13:53
KUVVA,0.0,-1.147,2026_02,2026-04-18 13:53
ATAKP,2.8,789.455,2026_02,2026-04-18 13:53
KZBGY,-0.32,,2026_02,2026-04-18 13:53
KZGYO,-6.44,,2026_02,2026-04-18 13:53
LIDER,0.17,460.186,2026_02,2026-04-18 13:53
LIDFA,0.47,,2026_02,2026-04-18 13:53
LILAK,-0.13,-331.474,2026_02,2026-04-18 13:53
LINK,-1.48,-270.053,2026_02,2026-04-18 13:53
LKMNH,0.42,685.636,2026_02,2026-04-18 13:53
LMKDC,2.93,,2026_02,2026-04-18 13:53
LOGO,-6.73,,2026_02,2026-04-18 13:53
LRSHO,0.45,,2026_02,2026-04-18 13:53
LUKSK,-0.28,-77.38,2026_02,2026-04-18 13:53
LYDHO,0.52,,2026_02,2026-04-18 13:53
LYDYE,0.03,407.0,2026_02,2026-04-18 13:53
MAALT,-0.69,-32.456,2026_02,2026-04-18 13:53
MACKO,-4.37,,2026_02,2026-04-18 13:53
ATATP,1.52,286.582,2026_02,2026-04-18 13:53
MAKIM,0.42,178.964,2026_02,2026-04-18 13:53
MAKTK,-0.1,-180.387,2026_02,2026-04-18 13:53
MANAS,-4.36,203.148,2026_02,2026-04-18 13:53
MARBL,0.45,291.963,2026_02,2026-04-18 13:53
MARKA,1.38,285.336,2026_02,2026-04-18 13:53
MARMR,-0.34,,2026_02,2026-04-18 13:53
MARTI,-1.18,,2026_02,2026-04-18 13:53
ATATR,3.12,,2026_02,2026-04-18 13:53
MEDTR,-2.37,-579.646,2026_02,2026-04-18 13:53
MEGAP,0.0,34.0,2026_02,2026-04-18 13:53
MEGMT,6.82,,2026_02,2026-04-18 13:53
MEKAG,-0.38,,2026_02,2026-04-18 13:53
MEPET,2.26,,2026_02,2026-04-18 13:53
MERCN,-2.69,,2026_02,2026-04-18 13:53
MERIT,-1.01,,2026_02,2026-04-18 13:53
MERKO,-2.54,,2026_02,2026-04-18 13:53
METRO,0.3,,2026_02,2026-04-18 13:53
MEYSU,-7.38,,2026_02,2026-04-18 13:53
ATEKS,0.02,1.1,2026_02,2026-04-18 13:53
MHRGY,-2.13,,2026_02,2026-04-18 13:53
ATLAS,-1.37,-824.596,2026_02,2026-04-18 13:53
MMCAS,0.2,24.755,2026_02,2026-04-18 13:53
MNDRS,0.74,,2026_02,2026-04-18 13:53
MNDTR,-0.22,,2026_02,2026-04-18 13:53
MOBTL,6.96,,2026_02,2026-04-18 13:53
MOGAN,0.0,-12.845,2026_02,2026-04-18 13:53
MOPAS,8.94,,2026_02,2026-04-18 13:53
ATSYH,0.04,2.948,2026_02,2026-04-18 13:53
MRGYO,9.06,,2026_02,2026-04-18 13:53
MRSHL,-0.27,-11.272,2026_02,2026-04-18 13:53
MSGYO,-0.43,-728.192,2026_02,2026-04-18 13:53
MTRKS,-0.21,-93.666,2026_02,2026-04-18 13:53
MTRYO,0.0,0.0,2026_02,2026-04-18 13:53
MZHLD,0.59,419.337,2026_02,2026-04-18 13:53
NATEN,-0.24,-758.995,2026_02,2026-04-18 13:53
NETAS,-0.61,-195.888,2026_02,2026-04-18 13:53
NETCD,3.75,,2026_02,2026-04-18 13:53
NIBAS,-0.03,-83.874,2026_02,2026-04-18 13:53
NTGAZ,0.39,,2026_02,2026-04-18 13:53
NTHOL,0.2,962.04,2026_02,2026-04-18 13:53
NUGYO,0.0,8.95,2026_02,2026-04-18 13:53
NUHCM,-0.3,-85.618,2026_02,2026-04-18 13:53
AVGYO,1.51,,2026_02,2026-04-18 13:53
OBASE,-8.15,,2026_02,2026-04-18 13:53
AVHOL,1.52,397.5,2026_02,2026-04-18 13:53
ODINE,7.16,,2026_02,2026-04-18 13:53
OFSYM,-0.98,-220.869,2026_02,2026-04-18 13:53
ONCSM,1.03,103.336,2026_02,2026-04-18 13:53
ONRYT,-8.14,,2026_02,2026-04-18 13:53
ORCAY,0.68,,2026_02,2026-04-18 13:53
ORGE,-0.21,-86.45,2026_02,2026-04-18 13:53
ORMA,0.0,0.0,2026_02,2026-04-18 13:53
OSMEN,-0.22,-344.759,2026_02,2026-04-18 13:53
OSTIM,-3.57,,2026_02,2026-04-18 13:53
AVOD,1.06,,2026_02,2026-04-18 13:53
OTTO,3.54,226.726,2026_02,2026-04-18 13:53
AVPGY,-3.55,,2026_02,2026-04-18 13:53
OYAYO,-0.22,-43.348,2026_02,2026-04-18 13:53
OYLUM,-0.29,-234.614,2026_02,2026-04-18 13:53
OYYAT,-0.77,-697.681,2026_02,2026-04-18 13:53
OZATD,-9.03,,2026_02,2026-04-18 13:53
OZGYO,1.67,,2026_02,2026-04-18 13:53
OZKGY,-0.83,,2026_02,2026-04-18 13:53
OZRDN,29.56,,2026_02,2026-04-18 13:53
OZSUB,1.8,762.386,2026_02,2026-04-18 13:53
OZYSR,4.33,,2026_02,2026-04-18 13:53
PAGYO,0.2,112.822,2026_02,2026-04-18 13:53
PAHOL,-3.61,,2026_02,2026-04-18 13:53
PAMEL,0.4,87.168,2026_02,2026-04-18 13:53
PAPIL,-2.56,,2026_02,2026-04-18 13:53
PARSN,0.91,307.727,2026_02,2026-04-18 13:53
AVTUR,0.36,154.735,2026_02,2026-04-18 13:53
AYCES,1.99,37.663,2026_02,2026-04-18 13:53
PCILT,-1.17,-526.891,2026_02,2026-04-18 13:53
TEHOL,-3.44,,2026_02,2026-04-18 13:53
PEKGY,1.1,,2026_02,2026-04-18 13:53
PENGD,2.61,,2026_02,2026-04-18 13:53
PENTA,-3.12,,2026_02,2026-04-18 13:53
AYDEM,2.5,,2026_02,2026-04-18 13:53
PETUN,2.47,,2026_02,2026-04-18 13:53
AYEN,-1.46,-810.343,2026_02,2026-04-18 13:53
PINSU,0.89,901.299,2026_02,2026-04-18 13:53
PKART,-0.46,-51.379,2026_02,2026-04-18 13:53
PKENT,0.01,661.0,2026_02,2026-04-18 13:53
PLTUR,0.74,363.419,2026_02,2026-04-18 13:53
PNLSN,-4.21,,2026_02,2026-04-18 13:53
PNSUT,-2.6,,2026_02,2026-04-18 13:53
POLHO,0.48,793.131,2026_02,2026-04-18 13:53
POLTK,-1.26,-14.199,2026_02,2026-04-18 13:53
PRDGS,-3.57,,2026_02,2026-04-18 13:53
PRKAB,-0.45,-156.45,2026_02,2026-04-18 13:53
PRKME,0.66,348.349,2026_02,2026-04-18 13:53
PRZMA,0.34,213.696,2026_02,2026-04-18 13:53
PSDTC,-0.52,-34.078,2026_02,2026-04-18 13:53
PSGYO,1.61,,2026_02,2026-04-18 13:53
QNBFK,0.0,22.0,2026_02,2026-04-18 13:53
QNBTR,0.0,1.482,2026_02,2026-04-18 13:53
AYES,-0.02,93.297,2026_02,2026-04-18 13:53
AYGAZ,-0.6,-592.888,2026_02,2026-04-18 13:53
RAYSG,-1.23,-637.764,2026_02,2026-04-18 13:53
AZTEK,-1.66,,2026_02,2026-04-18 13:53
RGYAS,-2.99,,2026_02,2026-04-18 13:53
RNPOL,-1.13,,2026_02,2026-04-18 13:53
RODRG,-0.76,-129.292,2026_02,2026-04-18 13:53
ROYAL,0.0,0.0,2026_02,2026-04-18 13:53
RTALB,2.53,,2026_02,2026-04-18 13:53
RUBNS,-9.25,,2026_02,2026-04-18 13:53
RYGYO,1.2,,2026_02,2026-04-18 13:53
RYSAS,0.75,,2026_02,2026-04-18 13:53
SAFKR,-2.36,,2026_02,2026-04-18 13:53
BAGFS,0.63,629.302,2026_02,2026-04-18 13:53
SAMAT,0.45,463.924,2026_02,2026-04-18 13:53
SANEL,-0.95,-171.346,2026_02,2026-04-18 13:53
SANFM,2.04,,2026_02,2026-04-18 13:53
SANKO,1.78,669.292,2026_02,2026-04-18 13:53
SARKY,0.21,,2026_02,2026-04-18 13:53
BAHKM,5.72,,2026_02,2026-04-18 13:53
SAYAS,-2.83,,2026_02,2026-04-18 13:53
SDTTR,-4.32,-690.145,2026_02,2026-04-18 13:53
SEGMN,-0.03,-17.467,2026_02,2026-04-18 13:53
SEGYO,19.38,,2026_02,2026-04-18 13:53
SEKFK,0.1,60.161,2026_02,2026-04-18 13:53
SEKUR,-0.25,-327.382,2026_02,2026-04-18 13:53
SELEC,0.12,148.543,2026_02,2026-04-18 13:53
SELVA,0.83,,2026_02,2026-04-18 13:53
SERNT,-2.72,,2026_02,2026-04-18 13:53
SEYKM,0.6,895.046,2026_02,2026-04-18 13:53
SILVR,0.92,,2026_02,2026-04-18 13:53
BAKAB,0.05,18.132,2026_02,2026-04-18 13:53
BALAT,0.04,4.1,2026_02,2026-04-18 13:53
SKTAS,0.35,,2026_02,2026-04-18 13:53
SKYLP,-2.88,-205.813,2026_02,2026-04-18 13:53
SKYMD,-2.92,,2026_02,2026-04-18 13:53
SMART,1.92,571.067,2026_02,2026-04-18 13:53
SMRTG,-0.4,,2026_02,2026-04-18 13:53
SMRVA,3.32,931.823,2026_02,2026-04-18 13:53
SNGYO,-0.2,,2026_02,2026-04-18 13:53
SNICA,-0.37,,2026_02,2026-04-18 13:53
SNPAM,0.01,2.925,2026_02,2026-04-18 13:53
SODSN,0.0,1.0,2026_02,2026-04-18 13:53
SOKE,3.33,,2026_02,2026-04-18 13:53
AGYO,0.19,245.889,2026_02,2026-04-18 13:53
SONME,-0.3,-13.065,2026_02,2026-04-18 13:53
SRVGY,-3.33,,2026_02,2026-04-18 13:53
SUMAS,0.0,100.0,2026_02,2026-04-18 13:53
SUNTK,-1.6,,2026_02,2026-04-18 13:53
SURGY,3.26,,2026_02,2026-04-18 13:53
SUWEN,-2.11,,2026_02,2026-04-18 13:53
BANVT,0.26,98.002,2026_02,2026-04-18 13:53
TARKM,3.75,187.349,2026_02,2026-04-18 13:53
TATEN,-2.09,,2026_02,2026-04-18 13:53
TATGD,3.75,,2026_02,2026-04-18 13:53
BARMA,0.1,208.324,2026_02,2026-04-18 13:53
TBORG,-0.31,-184.549,2026_02,2026-04-18 13:53
BASCM,0.26,129.011,2026_02,2026-04-18 13:53
TCKRC,-4.05,,2026_02,2026-04-18 13:53
TDGYO,0.33,194.354,2026_02,2026-04-18 13:53
TEKTU,-3.17,,2026_02,2026-04-18 13:53
TERA,4.2,,2026_02,2026-04-18 13:53
TEZOL,3.11,,2026_02,2026-04-18 13:53
TGSAS,0.83,102.845,2026_02,2026-04-18 13:53
BASGZ,0.45,786.621,2026_02,2026-04-18 13:53
BAYRK,-0.83,,2026_02,2026-04-18 13:53
TKNSA,-1.47,,2026_02,2026-04-18 13:53
TLMAN,2.32,238.497,2026_02,2026-04-18 13:53
TMPOL,8.97,989.851,2026_02,2026-04-18 13:53
TMSN,-1.06,-474.372,2026_02,2026-04-18 13:53
TNZTP,-3.18,,2026_02,2026-04-18 13:53
BEGYO,-0.62,-29.294,2026_02,2026-04-18 13:53
TRCAS,-0.49,-999.044,2026_02,2026-04-18 13:53
TRGYO,-0.47,,2026_02,2026-04-18 13:53
TRILC,-3.18,,2026_02,2026-04-18 13:53
TSGYO,1.49,,2026_02,2026-04-18 13:53
BERA,-6.8,,2026_02,2026-04-18 13:53
BESLR,0.03,209.251,2026_02,2026-04-18 13:53
BESTE,2.4,,2026_02,2026-04-18 13:53
BEYAZ,0.81,340.277,2026_02,2026-04-18 13:53
TUCLK,8.0,,2026_02,2026-04-18 13:53
BFREN,-0.84,-206.698,2026_02,2026-04-18 13:53
BIENY,-2.07,,2026_02,2026-04-18 13:53
BIGCH,3.6,,2026_02,2026-04-18 13:53
TURGG,-3.43,,2026_02,2026-04-18 13:53
BIGEN,-0.14,-151.422,2026_02,2026-04-18 13:53
UCAYM,-19.76,,2026_02,2026-04-18 13:53
UFUK,0.17,81.662,2026_02,2026-04-18 13:53
ULAS,1.53,385.774,2026_02,2026-04-18 13:53
BIGTK,2.23,617.139,2026_02,2026-04-18 13:53
ULUFA,5.97,,2026_02,2026-04-18 13:53
ULUSE,0.77,184.378,2026_02,2026-04-18 13:53
ULUUN,1.68,,2026_02,2026-04-18 13:53
UMPAS,0.0,0.0,2026_02,2026-04-18 13:53
UNLU,-3.6,,2026_02,2026-04-18 13:53
USAK,0.91,,2026_02,2026-04-18 13:53
AHGAZ,0.48,,2026_02,2026-04-18 13:53
VAKFA,4.75,,2026_02,2026-04-18 13:53
VAKFN,5.02,,2026_02,2026-04-18 13:53
VAKKO,1.09,334.068,2026_02,2026-04-18 13:53
VANGD,-0.36,-88.749,2026_02,2026-04-18 13:53
VBTYZ,2.56,,2026_02,2026-04-18 13:53
VERTU,1.44,317.2,2026_02,2026-04-18 13:53
VERUS,0.01,2.575,2026_02,2026-04-18 13:53
VESBE,-1.86,,2026_02,2026-04-18 13:53
BINBN,-2.59,-441.119,2026_02,2026-04-18 13:53
VKFYO,0.65,171.237,2026_02,2026-04-18 13:53
VKGYO,1.48,,2026_02,2026-04-18 13:53
VKING,0.3,92.674,2026_02,2026-04-18 13:53
VRGYO,0.61,,2026_02,2026-04-18 13:53
VSNMD,-6.68,,2026_02,2026-04-18 13:53
YAPRK,-0.53,-22.09,2026_02,2026-04-18 13:53
YATAS,0.71,670.995,2026_02,2026-04-18 13:53
YAYLA,-0.41,-165.349,2026_02,2026-04-18 13:53
YBTAS,0.0,5.644,2026_02,2026-04-18 13:53
BINHO,0.29,,2026_02,2026-04-18 13:53
YESIL,-0.25,,2026_02,2026-04-18 13:53
YGGYO,0.04,87.234,2026_02,2026-04-18 13:53
YGYO,0.0,1.0,2026_02,2026-04-18 13:53
YIGIT,-1.13,-848.834,2026_02,2026-04-18 13:53
BIOEN,-4.0,,2026_02,2026-04-18 13:53
YKSLN,-1.73,,2026_02,2026-04-18 13:53
YONGA,-0.04,-2.5,2026_02,2026-04-18 13:53
YUNSA,0.56,,2026_02,2026-04-18 13:53
YYAPI,0.95,,2026_02,2026-04-18 13:53
YYLGD,0.87,,2026_02,2026-04-18 13:53
ZEDUR,1.01,708.714,2026_02,2026-04-18 13:53
ZERGY,2.42,,2026_02,2026-04-18 13:53
ZGYO,4.94,,2026_02,2026-04-18 13:53
BIZIM,2.72,750.341,2026_02,2026-04-18 13:53
ZRGYO,-0.12,,2026_02,2026-04-18 13:53
THYAO,-1.28,,2026_03,2026-04-18 13:53
TUPRS,4.65,,2026_03,2026-04-18 13:53
SASA,-0.6,,2026_03,2026-04-18 13:53
ASELS,1.47,,2026_03,2026-04-18 13:53
ISCTR,-4.89,,2026_03,2026-04-18 13:53
HEKTS,-1.24,,2026_03,2026-04-18 13:53
SISE,0.87,,2026_03,2026-04-18 13:53
PGSUS,-5.61,,2026_03,2026-04-18 13:53
ALTNY,0.3,,2026_03,2026-04-18 13:53
EREGL,-0.72,,2026_03,2026-04-18 13:53
REEDR,1.3,,2026_03,2026-04-18 13:53
KCHOL,-0.73,,2026_03,2026-04-18 13:53
KONTR,0.3,,2026_03,2026-04-18 13:53
FROTO,-2.42,,2026_03,2026-04-18 13:53
CWENE,2.0,,2026_03,2026-04-18 13:53
ASTOR,2.04,,2026_03,2026-04-18 13:53
PATEK,0.53,,2026_03,2026-04-18 13:53
TABGD,0.19,102.908,2026_03,2026-04-18 13:53
IZENR,4.9,,2026_03,2026-04-18 13:53
CANTE,1.18,,2026_03,2026-04-18 13:53
ZOREN,-2.12,,2026_03,2026-04-18 13:53
ENERY,0.12,,2026_03,2026-04-18 13:53
DOAS,-4.84,,2026_03,2026-04-18 13:53
AKBNK,-4.13,,2026_03,2026-04-18 13:53
PETKM,8.18,,2026_03,2026-04-18 13:53
OBAMS,0.29,,2026_03,2026-04-18 13:53
ENJSA,-0.25,-599.872,2026_03,2026-04-18 13:53
SAHOL,-3.09,,2026_03,2026-04-18 13:53
TCELL,-0.59,,2026_03,2026-04-18 13:53
KCAER,0.17,845.641,2026_03,2026-04-18 13:53
BIMAS,0.23,,2026_03,2026-04-18 13:53
YKBNK,-4.59,,2026_03,2026-04-18 13:53
OYAKC,0.05,,2026_03,2026-04-18 13:53
EUPWR,3.38,,2026_03,2026-04-18 13:53
MIATK,1.15,,2026_03,2026-04-18 13:53
TOASO,-4.56,,2026_03,2026-04-18 13:53
PAHOL,-1.37,,2026_03,2026-04-18 13:53
TTRAK,-1.96,-490.417,2026_03,2026-04-18 13:53
GARAN,-1.91,,2026_03,2026-04-18 13:53
ENKAI,-1.25,,2026_03,2026-04-18 13:53
TUKAS,-1.25,,2026_03,2026-04-18 13:53
KRDMD,1.01,,2026_03,2026-04-18 13:53
MGROS,-2.11,,2026_03,2026-04-18 13:53
ISMEN,-4.88,,2026_03,2026-04-18 13:53
TRALT,-4.82,,2026_03,2026-04-18 13:53
GSRAY,-0.23,,2026_03,2026-04-18 13:53
TSPOR,-2.63,,2026_03,2026-04-18 13:53
AEFES,-0.37,,2026_03,2026-04-18 13:53
AKSA,0.42,,2026_03,2026-04-18 13:53
YEOTK,1.25,,2026_03,2026-04-18 13:53
EKGYO,-3.19,,2026_03,2026-04-18 13:53
EUREN,0.71,,2026_03,2026-04-18 13:53
ODAS,1.2,,2026_03,2026-04-18 13:53
ALARK,-1.35,,2026_03,2026-04-18 13:53
CVKMD,-1.01,,2026_03,2026-04-18 13:53
GESAN,0.07,103.634,2026_03,2026-04-18 13:53
FENER,0.6,,2026_03,2026-04-18 13:53
ARCLK,-0.49,-834.136,2026_03,2026-04-18 13:53
MAVI,0.39,,2026_03,2026-04-18 13:53
TTKOM,-4.01,,2026_03,2026-04-18 13:53
SARKY,0.35,,2026_03,2026-04-18 13:53
ULKER,-0.66,,2026_03,2026-04-18 13:53
CIMSA,2.36,,2026_03,2026-04-18 13:53
TAVHL,-0.04,-92.729,2026_03,2026-04-18 13:53
VESTL,0.08,244.799,2026_03,2026-04-18 13:53
SKBNK,-1.31,,2026_03,2026-04-18 13:53
CCOLA,0.34,,2026_03,2026-04-18 13:53
PSGYO,2.4,,2026_03,2026-04-18 13:53
HALKB,-0.71,,2026_03,2026-04-18 13:53
AKSEN,-0.23,,2026_03,2026-04-18 13:53
TURSG,0.84,,2026_03,2026-04-18 13:53
QUAGR,-1.09,,2026_03,2026-04-18 13:53
GLRMK,13.39,,2026_03,2026-04-18 13:53
DOHOL,-1.34,,2026_03,2026-04-18 13:53
SOKM,-0.97,,2026_03,2026-04-18 13:53
KTLEV,5.56,,2026_03,2026-04-18 13:53
BRSAN,-3.19,,2026_03,2026-04-18 13:53
TSKB,-0.26,,2026_03,2026-04-18 13:53
VAKBN,-0.46,,2026_03,2026-04-18 13:53
GUBRF,-0.71,-583.457,2026_03,2026-04-18 13:53
TUREX,0.8,,2026_03,2026-04-18 13:53
OTKAR,-4.44,,2026_03,2026-04-18 13:53
EFOR,2.74,,2026_03,2026-04-18 13:53
PASEU,3.71,,2026_03,2026-04-18 13:53
ECILC,-1.13,,2026_03,2026-04-18 13:53
AGHOL,-0.64,,2026_03,2026-04-18 13:53
TKFEN,-1.03,,2026_03,2026-04-18 13:53
BALSU,-1.06,,2026_03,2026-04-18 13:53
ANSGR,0.33,,2026_03,2026-04-18 13:53
BTCIM,0.8,,2026_03,2026-04-18 13:53
DAPGM,0.19,,2026_03,2026-04-18 13:53
MAGEN,1.39,,2026_03,2026-04-18 13:53
GRTHO,-2.77,,2026_03,2026-04-18 13:53
TRMET,-2.53,,2026_03,2026-04-18 13:53
EGEEN,-2.57,-29.159,2026_03,2026-04-18 13:53
GENIL,-2.08,,2026_03,2026-04-18 13:53
BRYAT,0.18,18.094,2026_03,2026-04-18 13:53
BSOKE,3.05,,2026_03,2026-04-18 13:53
KLRHO,-1.39,,2026_03,2026-04-18 13:53
MPARK,-0.1,-79.997,2026_03,2026-04-18 13:53
KUYAS,7.89,,2026_03,2026-04-18 13:53
TRENJ,0.24,228.153,2026_03,2026-04-18 13:53
DSTKF,-0.21,-174.502,2026_03,2026-04-18 13:53
GRSEL,-1.62,-478.98,2026_03,2026-04-18 13:53
RALYH,1.7,,2026_03,2026-04-18 13:53
BNTAS,-2.85,,2026_03,2026-04-18 13:53
BOBET,-1.54,,2026_03,2026-04-18 13:53
BORLS,1.43,,2026_03,2026-04-18 13:53
BORSK,-0.55,,2026_03,2026-04-18 13:53
BOSSA,-0.1,-492.142,2026_03,2026-04-18 13:53
BRISA,-0.45,-140.744,2026_03,2026-04-18 13:53
BRKO,0.02,20.002,2026_03,2026-04-18 13:53
BRKSN,0.79,495.188,2026_03,2026-04-18 13:53
BRKVY,-0.26,-34.57,2026_03,2026-04-18 13:53
BRLSM,0.34,368.662,2026_03,2026-04-18 13:53
BRMEN,0.54,306.642,2026_03,2026-04-18 13:53
AHSGY,-0.84,,2026_03,2026-04-18 13:53
ACSEL,-1.07,-91.801,2026_03,2026-04-18 13:53
AKCNS,0.57,224.075,2026_03,2026-04-18 13:53
AKENR,0.15,594.659,2026_03,2026-04-18 13:53
BUCIM,-0.65,,2026_03,2026-04-18 13:53
BULGS,4.64,,2026_03,2026-04-18 13:53
BURCE,-8.92,,2026_03,2026-04-18 13:53
BURVA,4.92,232.565,2026_03,2026-04-18 13:53
BVSAN,-0.1,-13.943,2026_03,2026-04-18 13:53
BYDNR,-0.46,-105.51,2026_03,2026-04-18 13:53
AKFGY,-0.21,,2026_03,2026-04-18 13:53
CASA,0.0,4.0,2026_03,2026-04-18 13:53
CATES,-5.16,,2026_03,2026-04-18 13:53
AKFIS,-3.48,,2026_03,2026-04-18 13:53
CELHA,0.1,153.246,2026_03,2026-04-18 13:53
CEMAS,0.2,,2026_03,2026-04-18 13:53
CEMTS,-0.39,-910.071,2026_03,2026-04-18 13:53
CEMZY,1.67,,2026_03,2026-04-18 13:53
CEOEM,-2.73,-605.729,2026_03,2026-04-18 13:53
CGCAM,-1.13,-475.864,2026_03,2026-04-18 13:53
AKFYE,1.07,,2026_03,2026-04-18 13:53
CLEBI,0.22,11.988,2026_03,2026-04-18 13:53
CMBTN,-0.25,-2.625,2026_03,2026-04-18 13:53
CMENT,0.0,1.0,2026_03,2026-04-18 13:53
CONSE,-2.59,,2026_03,2026-04-18 13:53
COSMO,-0.18,-11.488,2026_03,2026-04-18 13:53
CRDFA,1.1,,2026_03,2026-04-18 13:53
CRFSA,-0.52,-95.201,2026_03,2026-04-18 13:53
CUSAN,-1.16,-214.338,2026_03,2026-04-18 13:53
AKGRT,-0.38,,2026_03,2026-04-18 13:53
AKHAN,-1.1,-600.03,2026_03,2026-04-18 13:53
TRHOL,6.68,,2026_03,2026-04-18 13:53
DAGI,5.16,,2026_03,2026-04-18 13:53
AKMGY,-0.02,-5.393,2026_03,2026-04-18 13:53
DARDL,0.11,,2026_03,2026-04-18 13:53
DCTTR,4.51,,2026_03,2026-04-18 13:53
DENGE,1.56,,2026_03,2026-04-18 13:53
DERHL,3.6,,2026_03,2026-04-18 13:53
DERIM,-0.89,-361.144,2026_03,2026-04-18 13:53
DESA,-0.32,-545.852,2026_03,2026-04-18 13:53
DESPC,0.42,66.358,2026_03,2026-04-18 13:53
DEVA,-0.01,-18.078,2026_03,2026-04-18 13:53
DGATE,-1.14,-173.591,2026_03,2026-04-18 13:53
DGGYO,0.01,21.819,2026_03,2026-04-18 13:53
DGNMO,-4.0,,2026_03,2026-04-18 13:53
DIRIT,0.0,0.0,2026_03,2026-04-18 13:53
DITAS,-1.29,,2026_03,2026-04-18 13:53
DMRGD,-2.37,,2026_03,2026-04-18 13:53
DMSAS,-0.84,,2026_03,2026-04-18 13:53
DNISI,-0.01,-11.019,2026_03,2026-04-18 13:53
ADEL,-0.33,-370.14,2026_03,2026-04-18 13:53
DOCO,-4.67,2.706,2026_03,2026-04-18 13:53
DOFER,3.53,711.719,2026_03,2026-04-18 13:53
DOFRB,13.13,,2026_03,2026-04-18 13:53
DOGUB,8.01,,2026_03,2026-04-18 13:53
ADESE,1.1,,2026_03,2026-04-18 13:53
DOKTA,-0.14,-198.764,2026_03,2026-04-18 13:53
AKSGY,-0.62,,2026_03,2026-04-18 13:53
DUNYH,-0.57,-208.386,2026_03,2026-04-18 13:53
DURDO,-0.17,-653.019,2026_03,2026-04-18 13:53
DURKN,-2.51,,2026_03,2026-04-18 13:53
DYOBY,-0.39,-714.888,2026_03,2026-04-18 13:53
DZGYO,0.09,341.559,2026_03,2026-04-18 13:53
EBEBK,-1.42,-576.18,2026_03,2026-04-18 13:53
AKSUE,2.95,,2026_03,2026-04-18 13:53
ECOGR,15.25,,2026_03,2026-04-18 13:53
ECZYT,-0.06,-27.877,2026_03,2026-04-18 13:53
EDATA,-0.12,-198.475,2026_03,2026-04-18 13:53
EDIP,-1.65,-602.375,2026_03,2026-04-18 13:53
AKYHO,-0.15,-325.35,2026_03,2026-04-18 13:53
ADGYO,0.4,,2026_03,2026-04-18 13:53
EGEGY,-0.84,-580.717,2026_03,2026-04-18 13:53
EGEPO,-0.19,-377.042,2026_03,2026-04-18 13:53
EGGUB,1.17,887.128,2026_03,2026-04-18 13:53
EGPRO,0.02,26.067,2026_03,2026-04-18 13:53
EGSER,-0.17,-889.157,2026_03,2026-04-18 13:53
ALBRK,-4.56,,2026_03,2026-04-18 13:53
EKIZ,0.02,1.493,2026_03,2026-04-18 13:53
EKOS,0.12,380.893,2026_03,2026-04-18 13:53
EKSUN,0.5,863.597,2026_03,2026-04-18 13:53
ELITE,-0.02,-4.842,2026_03,2026-04-18 13:53
EMKEL,-0.71,,2026_03,2026-04-18 13:53
EMNIS,0.0,-1.0,2026_03,2026-04-18 13:53
EMPAE,-32.91,,2026_03,2026-04-18 13:53
ENDAE,2.36,,2026_03,2026-04-18 13:53
ALCAR,-2.81,-48.384,2026_03,2026-04-18 13:53
ALCTL,0.59,79.376,2026_03,2026-04-18 13:53
ALFAS,-0.32,-271.286,2026_03,2026-04-18 13:53
ENSRI,6.28,,2026_03,2026-04-18 13:53
ENTRA,1.09,,2026_03,2026-04-18 13:53
EPLAS,-0.67,,2026_03,2026-04-18 13:53
ERBOS,-0.3,-47.482,2026_03,2026-04-18 13:53
ERCB,0.7,275.468,2026_03,2026-04-18 13:53
ALGYO,-1.4,,2026_03,2026-04-18 13:53
ERSU,3.58,,2026_03,2026-04-18 13:53
ESCAR,-1.17,,2026_03,2026-04-18 13:53
ESCOM,-6.95,,2026_03,2026-04-18 13:53
ESEN,6.61,,2026_03,2026-04-18 13:53
ETILR,1.19,,2026_03,2026-04-18 13:53
ETYAT,-0.28,-49.697,2026_03,2026-04-18 13:53
EUHOL,0.29,410.535,2026_03,2026-04-18 13:53
EUKYO,-0.12,-24.926,2026_03,2026-04-18 13:53
ALKA,-0.15,-508.981,2026_03,2026-04-18 13:53
ALKIM,0.0,-7.084,2026_03,2026-04-18 13:53
EUYO,0.26,52.705,2026_03,2026-04-18 13:53
EYGYO,-5.16,,2026_03,2026-04-18 13:53
FADE,-1.67,-708.65,2026_03,2026-04-18 13:53
ALKLC,3.8,,2026_03,2026-04-18 13:53
FLAP,0.0,6.284,2026_03,2026-04-18 13:53
FMIZP,-4.54,-158.736,2026_03,2026-04-18 13:53
FONET,-1.41,,2026_03,2026-04-18 13:53
FORMT,4.8,,2026_03,2026-04-18 13:53
FORTE,-0.85,337.138,2026_03,2026-04-18 13:53
FRIGO,1.88,,2026_03,2026-04-18 13:53
FRMPL,0.41,166.026,2026_03,2026-04-18 13:53
RUZYE,-2.45,,2026_03,2026-04-18 13:53
FZLGY,-10.43,,2026_03,2026-04-18 13:53
A1CAP,-1.68,,2026_03,2026-04-18 13:53
GARFA,-0.33,-460.963,2026_03,2026-04-18 13:53
GATEG,-0.25,-26.336,2026_03,2026-04-18 13:53
GEDIK,0.43,,2026_03,2026-04-18 13:53
GEDZA,-0.21,-88.22,2026_03,2026-04-18 13:53
ALVES,3.18,,2026_03,2026-04-18 13:53
GENKM,0.97,,2026_03,2026-04-18 13:53
GENTS,-0.43,,2026_03,2026-04-18 13:53
GEREL,1.87,,2026_03,2026-04-18 13:53
ANELE,-2.67,,2026_03,2026-04-18 13:53
GIPTA,0.93,483.28,2026_03,2026-04-18 13:53
GLBMD,0.62,178.829,2026_03,2026-04-18 13:53
GLCVY,-3.09,-815.223,2026_03,2026-04-18 13:53
ANGEN,1.03,890.881,2026_03,2026-04-18 13:53
GLRYH,-2.65,,2026_03,2026-04-18 13:53
GLYHO,-0.08,,2026_03,2026-04-18 13:53
GMTAS,0.51,,2026_03,2026-04-18 13:53
GOKNR,-0.85,,2026_03,2026-04-18 13:53
GOLTS,-1.17,-145.679,2026_03,2026-04-18 13:53
GOODY,-2.32,,2026_03,2026-04-18 13:53
GOZDE,-0.43,,2026_03,2026-04-18 13:53
GRNYO,-0.06,-23.13,2026_03,2026-04-18 13:53
ANHYT,-1.22,,2026_03,2026-04-18 13:53
AFYON,-0.08,-328.42,2026_03,2026-04-18 13:53
GSDDE,-0.4,-428.701,2026_03,2026-04-18 13:53
GSDHO,-0.88,,2026_03,2026-04-18 13:53
ARASE,1.66,829.317,2026_03,2026-04-18 13:53
AGESA,-0.78,-280.513,2026_03,2026-04-18 13:53
GUNDG,9.39,,2026_03,2026-04-18 13:53
GWIND,0.95,,2026_03,2026-04-18 13:53
GZNMI,0.5,204.829,2026_03,2026-04-18 13:53
ARDYZ,0.27,773.233,2026_03,2026-04-18 13:53
HATEK,1.61,,2026_03,2026-04-18 13:53
HATSN,-0.52,-226.365,2026_03,2026-04-18 13:53
HDFGS,2.98,,2026_03,2026-04-18 13:53
HEDEF,1.62,,2026_03,2026-04-18 13:53
ARENA,-0.75,-498.93,2026_03,2026-04-18 13:53
HKTM,0.47,343.195,2026_03,2026-04-18 13:53
HLGYO,-2.49,,2026_03,2026-04-18 13:53
HOROZ,-1.88,-461.283,2026_03,2026-04-18 13:53
HRKET,-5.4,,2026_03,2026-04-18 13:53
HTTBT,-1.93,,2026_03,2026-04-18 13:53
HUBVC,0.1,299.06,2026_03,2026-04-18 13:53
HUNER,0.39,,2026_03,2026-04-18 13:53
HURGZ,-0.33,-731.409,2026_03,2026-04-18 13:53
ICBCT,-0.68,,2026_03,2026-04-18 13:53
ICUGS,3.38,,2026_03,2026-04-18 13:53
IDGYO,0.96,,2026_03,2026-04-18 13:53
IEYHO,1.5,,2026_03,2026-04-18 13:53
IHAAS,1.46,817.595,2026_03,2026-04-18 13:53
IHEVA,0.01,18.435,2026_03,2026-04-18 13:53
IHGZT,-1.5,,2026_03,2026-04-18 13:53
IHLAS,2.46,,2026_03,2026-04-18 13:53
IHLGM,1.08,,2026_03,2026-04-18 13:53
IHYAY,3.11,,2026_03,2026-04-18 13:53
IMASM,4.23,,2026_03,2026-04-18 13:53
INDES,0.2,927.118,2026_03,2026-04-18 13:53
INFO,1.39,,2026_03,2026-04-18 13:53
INGRM,0.03,3.038,2026_03,2026-04-18 13:53
INTEK,0.0,-1.0,2026_03,2026-04-18 13:53
INTEM,-3.01,-283.901,2026_03,2026-04-18 13:53
INVEO,1.02,,2026_03,2026-04-18 13:53
INVES,0.99,370.324,2026_03,2026-04-18 13:53
ARFYE,6.66,,2026_03,2026-04-18 13:53
ISATR,0.0,0.0,2026_03,2026-04-18 13:53
ISBIR,-0.01,0.0,2026_03,2026-04-18 13:53
ISBTR,-0.01,-1.0,2026_03,2026-04-18 13:53
ARMGD,-4.02,,2026_03,2026-04-18 13:53
ISDMR,-4.51,,2026_03,2026-04-18 13:53
ISFIN,0.33,,2026_03,2026-04-18 13:53
ISGSY,-0.67,-319.069,2026_03,2026-04-18 13:53
ISGYO,0.97,,2026_03,2026-04-18 13:53
ISKPL,-8.6,,2026_03,2026-04-18 13:53
ISKUR,0.0,0.0,2026_03,2026-04-18 13:53
ARSAN,0.27,,2026_03,2026-04-18 13:53
ISSEN,-1.51,,2026_03,2026-04-18 13:53
ISYAT,-0.58,-886.439,2026_03,2026-04-18 13:53
ARTMS,2.53,936.096,2026_03,2026-04-18 13:53
IZFAS,4.0,,2026_03,2026-04-18 13:53
IZINV,-0.12,-16.003,2026_03,2026-04-18 13:53
IZMDC,-0.57,,2026_03,2026-04-18 13:53
JANTS,-0.17,-351.954,2026_03,2026-04-18 13:53
KAPLM,0.36,17.608,2026_03,2026-04-18 13:53
KAREL,0.2,642.304,2026_03,2026-04-18 13:53
KARSN,-0.26,,2026_03,2026-04-18 13:53
KARTN,-0.68,-498.367,2026_03,2026-04-18 13:53
KATMR,3.66,,2026_03,2026-04-18 13:53
KAYSE,-0.84,,2026_03,2026-04-18 13:53
KBORU,-2.15,,2026_03,2026-04-18 13:53
ARZUM,-1.67,,2026_03,2026-04-18 13:53
A1YEN,-0.1,-40.851,2026_03,2026-04-18 13:53
KENT,-0.01,-142.0,2026_03,2026-04-18 13:53
KERVN,0.0,41.0,2026_03,2026-04-18 13:53
KFEIN,-0.75,,2026_03,2026-04-18 13:53
KGYO,-1.73,,2026_03,2026-04-18 13:53
KIMMR,-2.94,,2026_03,2026-04-18 13:53
KLGYO,0.85,,2026_03,2026-04-18 13:53
KLKIM,0.31,427.694,2026_03,2026-04-18 13:53
KLMSN,0.35,108.265,2026_03,2026-04-18 13:53
KLNMA,0.04,33.97,2026_03,2026-04-18 13:53
ASGYO,0.76,,2026_03,2026-04-18 13:53
KLSER,-0.47,-512.225,2026_03,2026-04-18 13:53
KLSYN,-3.87,,2026_03,2026-04-18 13:53
KLYPV,-1.4,-649.95,2026_03,2026-04-18 13:53
KMPUR,1.63,,2026_03,2026-04-18 13:53
KNFRT,0.73,968.961,2026_03,2026-04-18 13:53
KOCMT,-0.36,,2026_03,2026-04-18 13:53
KONKA,-1.29,,2026_03,2026-04-18 13:53
AGROT,0.09,,2026_03,2026-04-18 13:53
KONYA,-0.37,-6.059,2026_03,2026-04-18 13:53
KOPOL,4.59,,2026_03,2026-04-18 13:53
KORDS,0.3,190.576,2026_03,2026-04-18 13:53
KOTON,-3.94,,2026_03,2026-04-18 13:53
ASUZU,0.14,58.675,2026_03,2026-04-18 13:53
ATAGY,1.98,900.663,2026_03,2026-04-18 13:53
KRDMA,-3.88,,2026_03,2026-04-18 13:53
KRDMB,-5.64,,2026_03,2026-04-18 13:53
ATAKP,1.0,283.812,2026_03,2026-04-18 13:53
KRGYO,0.97,,2026_03,2026-04-18 13:53
KRONT,0.63,738.218,2026_03,2026-04-18 13:53
KRPLS,0.87,681.519,2026_03,2026-04-18 13:53
KRSTL,-5.38,,2026_03,2026-04-18 13:53
KRTEK,-3.9,-736.74,2026_03,2026-04-18 13:53
KRVGD,1.14,,2026_03,2026-04-18 13:53
KSTUR,-0.01,-153.0,2026_03,2026-04-18 13:53
ATATP,-3.08,-580.435,2026_03,2026-04-18 13:53
KTSKR,-4.45,-653.879,2026_03,2026-04-18 13:53
KUTPO,-0.63,-66.962,2026_03,2026-04-18 13:53
KUVVA,0.52,125.821,2026_03,2026-04-18 13:53
ATATR,-0.31,-848.629,2026_03,2026-04-18 13:53
KZBGY,0.17,,2026_03,2026-04-18 13:53
KZGYO,-3.58,,2026_03,2026-04-18 13:53
LIDER,0.21,584.258,2026_03,2026-04-18 13:53
LIDFA,0.29,,2026_03,2026-04-18 13:53
LILAK,3.33,,2026_03,2026-04-18 13:53
LINK,-3.13,,2026_03,2026-04-18 13:53
LKMNH,-0.87,,2026_03,2026-04-18 13:53
LMKDC,3.53,,2026_03,2026-04-18 13:53
LOGO,-2.24,,2026_03,2026-04-18 13:53
LRSHO,0.8,,2026_03,2026-04-18 13:53
LUKSK,0.47,129.358,2026_03,2026-04-18 13:53
LXGYO,6.06,,2026_03,2026-04-18 13:53
LYDHO,0.67,,2026_03,2026-04-18 13:53
LYDYE,0.78,10.871,2026_03,2026-04-18 13:53
MAALT,1.03,48.722,2026_03,2026-04-18 13:53
MACKO,0.94,390.562,2026_03,2026-04-18 13:53
ATEKS,-0.02,-770.0,2026_03,2026-04-18 13:53
MAKIM,0.25,107.214,2026_03,2026-04-18 13:53
MAKTK,0.17,309.53,2026_03,2026-04-18 13:53
MANAS,1.62,,2026_03,2026-04-18 13:53
MARBL,-2.37,,2026_03,2026-04-18 13:53
MARKA,0.79,167.624,2026_03,2026-04-18 13:53
MARMR,1.9,,2026_03,2026-04-18 13:53
MARTI,3.19,,2026_03,2026-04-18 13:53
ATLAS,0.63,376.906,2026_03,2026-04-18 13:53
MCARD,6.02,,2026_03,2026-04-18 13:53
MEDTR,-1.37,-336.314,2026_03,2026-04-18 13:53
MEGAP,0.0,1.004,2026_03,2026-04-18 13:53
MEGMT,3.91,,2026_03,2026-04-18 13:53
MEKAG,2.05,,2026_03,2026-04-18 13:53
MEPET,0.12,85.67,2026_03,2026-04-18 13:53
MERCN,0.38,288.465,2026_03,2026-04-18 13:53
MERIT,-0.74,,2026_03,2026-04-18 13:53
MERKO,1.44,,2026_03,2026-04-18 13:53
METRO,-0.12,-650.375,2026_03,2026-04-18 13:53
MEYSU,0.33,580.913,2026_03,2026-04-18 13:53
ATSYH,0.0,0.0,2026_03,2026-04-18 13:53
MHRGY,1.67,,2026_03,2026-04-18 13:53
AVGYO,-1.58,,2026_03,2026-04-18 13:53
MMCAS,0.0,0.0,2026_03,2026-04-18 13:53
MNDRS,-0.8,,2026_03,2026-04-18 13:53
MNDTR,0.12,,2026_03,2026-04-18 13:53
MOBTL,-4.37,,2026_03,2026-04-18 13:53
MOGAN,1.71,,2026_03,2026-04-18 13:53
MOPAS,-10.55,,2026_03,2026-04-18 13:53
AVHOL,-0.25,-66.788,2026_03,2026-04-18 13:53
MRGYO,-6.48,,2026_03,2026-04-18 13:53
MRSHL,0.13,5.34,2026_03,2026-04-18 13:53
MSGYO,-1.2,,2026_03,2026-04-18 13:53
MTRKS,-0.12,-48.512,2026_03,2026-04-18 13:53
MTRYO,0.0,1.0,2026_03,2026-04-18 13:53
MZHLD,-0.04,-28.083,2026_03,2026-04-18 13:53
NATEN,0.33,,2026_03,2026-04-18 13:53
NETAS,0.55,175.608,2026_03,2026-04-18 13:53
NETCD,3.12,,2026_03,2026-04-18 13:53
NIBAS,2.4,,2026_03,2026-04-18 13:53
NTGAZ,-2.03,,2026_03,2026-04-18 13:53
NTHOL,-0.96,,2026_03,2026-04-18 13:53
NUGYO,0.4,,2026_03,2026-04-18 13:53
NUHCM,-0.19,-61.566,2026_03,2026-04-18 13:53
AVOD,0.26,672.594,2026_03,2026-04-18 13:53
OBASE,2.02,302.618,2026_03,2026-04-18 13:53
AVPGY,-2.0,,2026_03,2026-04-18 13:53
ODINE,2.43,,2026_03,2026-04-18 13:53
OFSYM,-3.42,-779.864,2026_03,2026-04-18 13:53
ONCSM,9.02,910.231,2026_03,2026-04-18 13:53
ONRYT,-2.92,-575.241,2026_03,2026-04-18 13:53
ORCAY,0.04,79.419,2026_03,2026-04-18 13:53
ORGE,0.92,386.293,2026_03,2026-04-18 13:53
ORMA,0.0,1.0,2026_03,2026-04-18 13:53
OSMEN,1.0,,2026_03,2026-04-18 13:53
OSTIM,0.23,,2026_03,2026-04-18 13:53
AVTUR,-0.25,-108.686,2026_03,2026-04-18 13:53
OTTO,-1.31,-76.401,2026_03,2026-04-18 13:53
AYCES,4.29,81.367,2026_03,2026-04-18 13:53
OYAYO,0.39,77.518,2026_03,2026-04-18 13:53
OYLUM,0.51,411.272,2026_03,2026-04-18 13:53
OYYAT,-0.51,-462.935,2026_03,2026-04-18 13:53
OZATD,3.59,479.654,2026_03,2026-04-18 13:53
OZGYO,0.8,,2026_03,2026-04-18 13:53
OZKGY,-0.71,,2026_03,2026-04-18 13:53
OZRDN,-0.33,-188.262,2026_03,2026-04-18 13:53
OZSUB,-1.9,-613.784,2026_03,2026-04-18 13:53
OZYSR,-0.37,-151.765,2026_03,2026-04-18 13:53
PAGYO,-0.56,-324.821,2026_03,2026-04-18 13:53
AYDEM,3.28,,2026_03,2026-04-18 13:53
PAMEL,-0.13,-29.867,2026_03,2026-04-18 13:53
PAPIL,0.46,938.578,2026_03,2026-04-18 13:53
PARSN,-0.99,-336.084,2026_03,2026-04-18 13:53
AYEN,0.65,363.186,2026_03,2026-04-18 13:53
AYES,0.6,532.534,2026_03,2026-04-18 13:53
PCILT,1.67,749.825,2026_03,2026-04-18 13:53
TEHOL,-2.25,,2026_03,2026-04-18 13:53
PEKGY,-1.44,,2026_03,2026-04-18 13:53
PENGD,-2.23,,2026_03,2026-04-18 13:53
PENTA,0.25,449.053,2026_03,2026-04-18 13:53
AYGAZ,-1.05,,2026_03,2026-04-18 13:53
PETUN,-2.4,,2026_03,2026-04-18 13:53
AZTEK,1.7,,2026_03,2026-04-18 13:53
PINSU,-1.33,,2026_03,2026-04-18 13:53
PKART,-1.96,-216.51,2026_03,2026-04-18 13:53
PKENT,0.05,11.638,2026_03,2026-04-18 13:53
PLTUR,-0.56,-274.383,2026_03,2026-04-18 13:53
PNLSN,-0.59,-206.66,2026_03,2026-04-18 13:53
PNSUT,0.66,843.957,2026_03,2026-04-18 13:53
POLHO,1.28,,2026_03,2026-04-18 13:53
POLTK,-1.62,-18.159,2026_03,2026-04-18 13:53
PRDGS,-1.71,,2026_03,2026-04-18 13:53
PRKAB,0.7,246.169,2026_03,2026-04-18 13:53
PRKME,-0.36,-190.477,2026_03,2026-04-18 13:53
PRZMA,-0.82,-509.607,2026_03,2026-04-18 13:53
PSDTC,-0.34,-22.56,2026_03,2026-04-18 13:53
BAGFS,-0.54,-539.687,2026_03,2026-04-18 13:53
QNBFK,0.0,4.0,2026_03,2026-04-18 13:53
QNBTR,0.0,44.0,2026_03,2026-04-18 13:53
BAHKM,10.06,,2026_03,2026-04-18 13:53
BAKAB,-1.07,-372.927,2026_03,2026-04-18 13:53
RAYSG,0.17,87.192,2026_03,2026-04-18 13:53
BALAT,0.08,12.311,2026_03,2026-04-18 13:53
RGYAS,-1.38,,2026_03,2026-04-18 13:53
RNPOL,0.59,,2026_03,2026-04-18 13:53
RODRG,-0.04,-6.369,2026_03,2026-04-18 13:53
ROYAL,0.0,5.0,2026_03,2026-04-18 13:53
RTALB,0.14,585.868,2026_03,2026-04-18 13:53
RUBNS,5.56,,2026_03,2026-04-18 13:53
RYGYO,0.43,,2026_03,2026-04-18 13:53
RYSAS,-0.2,,2026_03,2026-04-18 13:53
SAFKR,4.65,,2026_03,2026-04-18 13:53
AGYO,0.04,47.964,2026_03,2026-04-18 13:53
SAMAT,-0.13,-128.953,2026_03,2026-04-18 13:53
SANEL,0.04,7.151,2026_03,2026-04-18 13:53
SANFM,-0.77,,2026_03,2026-04-18 13:53
SANKO,-1.14,-427.988,2026_03,2026-04-18 13:53
BANVT,0.27,100.938,2026_03,2026-04-18 13:53
BARMA,7.21,,2026_03,2026-04-18 13:53
SAYAS,0.46,197.624,2026_03,2026-04-18 13:53
SDTTR,5.46,871.812,2026_03,2026-04-18 13:53
SEGMN,-3.52,,2026_03,2026-04-18 13:53
SEGYO,-17.25,,2026_03,2026-04-18 13:53
SEKFK,0.28,178.224,2026_03,2026-04-18 13:53
SEKUR,1.91,,2026_03,2026-04-18 13:53
SELEC,-0.76,-944.62,2026_03,2026-04-18 13:53
SELVA,-1.61,,2026_03,2026-04-18 13:53
SERNT,0.23,261.128,2026_03,2026-04-18 13:53
SEYKM,0.73,,2026_03,2026-04-18 13:53
SILVR,0.41,877.656,2026_03,2026-04-18 13:53
BASCM,0.2,99.229,2026_03,2026-04-18 13:53
BASGZ,0.08,145.678,2026_03,2026-04-18 13:53
SKTAS,2.16,,2026_03,2026-04-18 13:53
SKYLP,3.19,228.217,2026_03,2026-04-18 13:53
SKYMD,-0.17,-86.326,2026_03,2026-04-18 13:53
SMART,-1.45,-431.905,2026_03,2026-04-18 13:53
SMRTG,-3.86,,2026_03,2026-04-18 13:53
SMRVA,3.73,,2026_03,2026-04-18 13:53
SNGYO,-1.32,,2026_03,2026-04-18 13:53
SNICA,-3.43,,2026_03,2026-04-18 13:53
SNPAM,0.01,1.504,2026_03,2026-04-18 13:53
SODSN,0.09,43.004,2026_03,2026-04-18 13:53
SOKE,6.2,,2026_03,2026-04-18 13:53
BAYRK,0.32,606.635,2026_03,2026-04-18 13:53
SONME,-0.08,-3.541,2026_03,2026-04-18 13:53
SRVGY,2.04,,2026_03,2026-04-18 13:53
SUMAS,0.01,470.0,2026_03,2026-04-18 13:53
SUNTK,-0.1,-154.143,2026_03,2026-04-18 13:53
SURGY,-7.29,,2026_03,2026-04-18 13:53
SUWEN,-1.28,,2026_03,2026-04-18 13:53
SVGYO,36.02,,2026_03,2026-04-18 13:53
BEGYO,1.62,,2026_03,2026-04-18 13:53
TARKM,1.64,81.977,2026_03,2026-04-18 13:53
TATEN,-3.5,,2026_03,2026-04-18 13:53
TATGD,-2.47,,2026_03,2026-04-18 13:53
BERA,1.84,,2026_03,2026-04-18 13:53
TBORG,-0.53,-315.089,2026_03,2026-04-18 13:53
BESLR,0.25,,2026_03,2026-04-18 13:53
TCKRC,-2.98,,2026_03,2026-04-18 13:53
TDGYO,1.76,,2026_03,2026-04-18 13:53
TEKTU,1.33,,2026_03,2026-04-18 13:53
TERA,3.57,,2026_03,2026-04-18 13:53
TEZOL,6.98,,2026_03,2026-04-18 13:53
TGSAS,0.36,45.006,2026_03,2026-04-18 13:53
BESTE,-1.32,-718.963,2026_03,2026-04-18 13:53
BEYAZ,0.83,353.712,2026_03,2026-04-18 13:53
TKNSA,-2.41,,2026_03,2026-04-18 13:53
TLMAN,-1.25,-128.407,2026_03,2026-04-18 13:53
TMPOL,3.32,366.55,2026_03,2026-04-18 13:53
TMSN,-0.24,-104.619,2026_03,2026-04-18 13:53
TNZTP,-2.77,,2026_03,2026-04-18 13:53
BFREN,-0.43,-104.241,2026_03,2026-04-18 13:53
TRCAS,-1.94,,2026_03,2026-04-18 13:53
TRGYO,-1.16,,2026_03,2026-04-18 13:53
TRILC,-1.22,,2026_03,2026-04-18 13:53
TSGYO,-1.01,,2026_03,2026-04-18 13:53
BIENY,1.08,897.152,2026_03,2026-04-18 13:53
BIGCH,-0.86,,2026_03,2026-04-18 13:53
BIGEN,-0.59,-684.825,2026_03,2026-04-18 13:53
BIGTK,-5.35,,2026_03,2026-04-18 13:53
TUCLK,-8.19,,2026_03,2026-04-18 13:53
AHGAZ,-0.27,,2026_03,2026-04-18 13:53
BINBN,2.25,383.634,2026_03,2026-04-18 13:53
BINHO,-1.26,,2026_03,2026-04-18 13:53
TURGG,0.42,132.09,2026_03,2026-04-18 13:53
BIOEN,-0.93,,2026_03,2026-04-18 13:53
UCAYM,0.35,210.765,2026_03,2026-04-18 13:53
UFUK,0.18,81.883,2026_03,2026-04-18 13:53
ULAS,-0.51,-129.237,2026_03,2026-04-18 13:53
BIZIM,-3.19,-880.389,2026_03,2026-04-18 13:53
ULUFA,3.34,,2026_03,2026-04-18 13:53
ULUSE,-0.03,-6.357,2026_03,2026-04-18 13:53
ULUUN,-0.54,,2026_03,2026-04-18 13:53
UMPAS,0.0,0.0,2026_03,2026-04-18 13:53
UNLU,-1.28,,2026_03,2026-04-18 13:53
USAK,2.05,,2026_03,2026-04-18 13:53
BJKAS,-0.77,,2026_03,2026-04-18 13:53
VAKFA,1.3,,2026_03,2026-04-18 13:53
VAKFN,-2.23,,2026_03,2026-04-18 13:53
VAKKO,1.43,442.744,2026_03,2026-04-18 13:53
VANGD,0.93,226.191,2026_03,2026-04-18 13:53
VBTYZ,1.88,,2026_03,2026-04-18 13:53
VERTU,-0.16,-34.895,2026_03,2026-04-18 13:53
VERUS,1.22,422.008,2026_03,2026-04-18 13:53
VESBE,-0.6,,2026_03,2026-04-18 13:53
BLCYT,0.26,126.53,2026_03,2026-04-18 13:53
VKFYO,1.17,309.342,2026_03,2026-04-18 13:53
VKGYO,-0.75,,2026_03,2026-04-18 13:53
VKING,-12.83,,2026_03,2026-04-18 13:53
VRGYO,-2.12,,2026_03,2026-04-18 13:53
VSNMD,4.13,989.802,2026_03,2026-04-18 13:53
YAPRK,-0.23,357.515,2026_03,2026-04-18 13:53
YATAS,-0.29,-266.663,2026_03,2026-04-18 13:53
YAYLA,0.08,30.69,2026_03,2026-04-18 13:53
YBTAS,0.03,12.0,2026_03,2026-04-18 13:53
BLUME,2.02,,2026_03,2026-04-18 13:53
YESIL,0.5,,2026_03,2026-04-18 13:53
YGGYO,0.23,566.26,2026_03,2026-04-18 13:53
YGYO,-3.89,,2026_03,2026-04-18 13:53
YIGIT,-3.4,,2026_03,2026-04-18 13:53
BMSCH,0.12,82.965,2026_03,2026-04-18 13:53
YKSLN,0.05,96.656,2026_03,2026-04-18 13:53
YONGA,0.0,0.0,2026_03,2026-04-18 13:53
YUNSA,-1.46,,2026_03,2026-04-18 13:53
YYAPI,-0.78,,2026_03,2026-04-18 13:53
YYLGD,-1.95,,2026_03,2026-04-18 13:53
ZEDUR,0.59,410.725,2026_03,2026-04-18 13:53
ZERGY,2.5,,2026_03,2026-04-18 13:53
ZGYO,-2.25,,2026_03,2026-04-18 13:53
BMSTL,6.98,,2026_03,2026-04-18 13:53
ZRGYO,0.1,,2026_03,2026-04-18 13:53
